Workbook

Sheet Dashboard
A1: POLİSAN KİMYA — MERKEZİ İŞLETME YÖNETİM PANELİ
A2: Güncelleme: 09.10.2026 | Hazırlayan: Orhan KARABA | Tüm veriler kaynak dosyalardan derlenmiştir
A4: ▶ PROJE ÖZETİ
A5: TOPLAM PROJE | C5: DEVAM EDEN | E5: TAMAMLANAN | G5: PLANLANAN BÜTÇE (TL) | J5: GERÇEKLEŞİN (TL) | L5: AKSİYON SAYISI
A6: 2 | C6: 2 | E6: =COUNTIF(Projeler!Y:Y,"Tamamlandı") -> 0 | G6: 42429489 | J6: 0 | L6: 11
A8: ▶ TANK ENVANTERİ DURUMU
A9: TOPLAM TANK | C9: UYGUN | E9: UYGUN DEĞİL / UYGUNSUZ | H9: GECİKMİŞ KONTROL | J9: 30 GÜN İÇİNDE | L9: 90 GÜN İÇİNDE
A10: 139 | C10: =COUNTIF(Tank_Envanteri!Q:Q,"Uygun") -> 82 | E10: =COUNTIFS(Tank_Envanteri!Q:Q,"Uygun Değil")+COUNTIFS(Tank_Envanteri!Q:Q,"Uygunsuz") -> 18 | H10: =COUNTIF(Tank_Envanteri!P:P,"GECİKMİŞ") -> 0 | J10: =COUNTIF(Tank_Envanteri!P:P,"30 GÜN İÇİNDE") -> 0 | L10: =COUNTIF(Tank_Envanteri!P:P,"90 GÜN İÇİNDE") -> 0
A12: ▶ RİSK, UYGUNSUZLUK VE HAZOP AKSİYONLARI
A13: TOPLAM RİSK KAYDI | C13: HAZOP AKSİYONU | E13: TANK UYGUNSUZLUĞU | G13: KRİTİK RİSK | J13: YÜKSEK RİSK | L13: AÇIK AKSİYON
A14: =COUNTA(Risk_Uygunsuzluk!A:A)-3 -> 240 | C14: 220 | E14: 18 | G14: =COUNTIF(Risk_Uygunsuzluk!M:M,"KRİTİK") -> 24 | J14: =COUNTIF(Risk_Uygunsuzluk!M:M,"YÜKSEK") -> 97 | L14: =COUNTIF(Risk_Uygunsuzluk!P:P,"Açık") -> 240
A16: ▶ MALİYET MERKEZİ — OCAK-MART 2025 GERÇEKLEŞMELER (SAP)
A17: TOPLAM GİDER (Oca-Mar 2025) | D17: KAZAN DAİRESİ | G17: ELEKTRİK ATÖLYESİ | J17: DİĞER MASRAF YERLERİ
A18: 15078684 | D18: 7808809.9 | G18: 0 | J18: 7269874.4
A20: ▶ VERİ KALİTESİ VE EKSİKLİKLER
A21: AÇIK VERİ KALİTESİ SORUNU | C21: HAZOP SORUMLU EKSİK | E21: MALİYET DÖNEMİ KAYNAK SAYISI | G21: DOKÜMAN KAYDI | J21: KAYNAK DOSYA SAYISI | L21: SON GÜNCELLEME
A22: =COUNTIF(Veri_Kalitesi!G:G,"Açık") -> 10 | C22: 220 | E22: =COUNTA(Butce_Maliyet!A:A)-3 -> 598 | G22: =COUNTA(Dokuman_Yonetimi!A:A)-2 -> 5 | J22: 5 | L22: 09.10.2026
A24: Sayfalar: Projeler | Proje_Aksiyonlar | Gunluk_Is_Takibi | Tank_Envanteri | Tank_Muayene_Log | Dolum_Hortumlari | Ekipman_Envanteri | Bakim_Gecmisi | Butce_Maliyet | Satin_Alma | Risk_Uygunsuzluk | Dokuman_Yonetimi | Tanimlar | Veri_Kalitesi | Kaynak_Dosyalar

Sheet Kaynak_Dosyalar
A1: KAYNAK DOSYA ENVANTERİ
A2: Dosya_ID | B2: Dosya_Adı | C2: Dosya_Türü | D2: Modül | E2: Sayfa / Kapsam | F2: Kayıt_Sayısı | G2: İçerik_Özeti | H2: Veri_Kalitesi_Notu
A3: KYN-001 | B3: HAZOP_Aksiyonlar_Excel_Aksiyon_Listesi_20260923_151212.xlsx | C3: HAZOP Aksiyon Listesi | D3: Risk & Aksiyon | E3: HAZOP_Aksiyonlar_Excel / AKSIYON_LISTESI / AKSIYON_KONTROL | F3: 220 aksiyon | G3: Gümüş Tesisi HAZOP çalışmasından elde edilen aksiyon listesi. AKSİYON_NO sütunuyla her aksiyon numaralandırılmış. | H3: Ekipman tag bilgisi bazı satırlarda boş; sorumlu/termin verisi mevcut değil.
A4: KYN-002 | B4: Final_-_Orhan_KARABA-_Mekanik_Elektrik.xlsx | C4: SAP Maliyet Verisi | D4: Bütçe & Maliyet | E4: Fatura Bazlı Detay (585 kayıt) + 12 özet sayfa | F4: 585 fatura kaydı | G4: Oca-Mar 2025 dönemi SAP fiili giderleri. Masraf yeri, ana hesap ve belge bazında detaylı. 13 farklı maliyet merkezi. | H4: Planlanan/bütçe değeri yok; yalnızca gerçekleşen. Mart 2025 eksik dönem.
A5: KYN-003 | B5: Polisan_Kimya_Tank_Verileri_2026.xlsx | C5: Tank Envanteri | D5: Tank Envanteri | E5: 7 sayfa (Tank Listesi + 6 alan) | F5: 139 tank | G5: Polisan Kimya tüm tank envanteri. Kontrol tarihi, standart, kapasite, kimyasal ve durum bilgileri mevcut. | H5: "Uygun Değil" tanklar için yalnızca "Out of service raporu yok" notu var; kapanış tarihi, sorumlu yok.
A6: KYN-004 | B6: Pilot_Reaktor_Tasınma_Maliyeti.xlsx | C6: Proje Maliyet Analizi | D6: Projeler | E6: ÖZET / GİRDİLER / MALİYET / ZAMAN | F6: 1 proje, ~80 kalem | G6: Pilot reaktör odasının taşınma maliyet analizi. Doküman: POL-MBO-PRT-2026-001 Rev.01. Toplam: 2.129.489 TL (KDV hariç). | H6: Elektrik kalemi (6. bölüm) sıfır; bilgi bekleniyor. Süreler varsayımlı.
A7: KYN-005 | B7: POL-MBO-ADS-2026-002_Rev02.xlsx | C7: Yatırım Fizibilite | D7: Projeler | E7: 0-Ozet / 1-Hacim / 2-Hidrolik / 3-Ortak / 4-Senaryo / 5-Riskler | F7: 4 senaryo karşılaştırması | G7: Reçine Tesisi Reaktör Acil Durum Drain Sistemi. Senaryo A (Yerüstü 50m³) önerilen: ~40,3 M TL CAPEX. Doküman: POL-MBO-ADS-2026-002 Rev.02. | H7: AACE Class 4 tahmin (-%20/+%30). Hiçbir kalem alınmış teklif değil.

Sheet Tanimlar
A1: TANIMLAR VE REFERANS LİSTELER
A2: PROJE DURUM | B2: TANK DURUM | C2: RİSK SEVİYESİ | D2: ÖNCELİK | E2: AKSIYON DURUM | F2: TESİS | G2: PROJE KATEGORİSİ | H2: MASRAF YERLERİ | I2: STANDARTLAR | J2: HORTUM DURUM | K2: MUAYENEPERİYOT | L2: PARA BİRİMİ
A3: Planlama | B3: Uygun | C3: KRİTİK | D3: 1-Acil | E3: Açık | F3: Gümüş Tesisi | G3: Yatırım | H3: ALT YAPI HIZMETLERI | I3: API 650 | J3: Aktif | K3: Yıllık | L3: TRY
A4: Onay Bekliyor | B4: Uygun Değil | C4: YÜKSEK | D4: 2-Yüksek | E4: Devam Ediyor | F4: ADR Tank Sahası | G4: Bakım-Onarım | H4: ELEKTRİK ATÖLYESİ | I4: API 653 | J4: Bakımda | K4: 3 Yıllık | L4: USD
A5: Devam Ediyor | B5: Uygunsuz | C5: ORTA | D5: 3-Orta | E5: Gecikmiş | F5: Reçine Tesisi | G5: İyileştirme | H5: JENERATOR HİZMETLERİ | I5: API 510 | J5: Kullanım Dışı | K5: 5 Yıllık | L5: EUR
A6: Askıya Alındı | B6: Kullanım Dışı /Uygun | C6: DÜŞÜK | D6: 4-Düşük | E6: Tamamlandı | F6: Dilovası Yapı Kim. | G6: Revizyon | H6: KAZAN DAİRESİ | I6: TS EN 12285-2 | J6: Değişim Gerekli | K6: 10 Yıllık
A7: Tamamlandı | B7: Kontrolü yok | E7: İptal | F7: AUS Tank Sahası | G7: Güvenlik | H7: KOMPRESÖR HİZMETLERİ | I7: API 510 / API 653 | J7: Hurdaya Ayrıldı | K7: Out of service 10 yıl / In Service 5 yıl
A8: İptal | B8: Bilgi Bekleniyor | F8: Reçine Yardımcı | G8: Çevre | H8: TEKNİK ORTAK HİZM. | I8: IEC 60079-32-1
F9: Yardımcı İşl. | G9: Altyapı | H9: TEKNİK AMBAR | I9: AACE Class 4
F10: Ortak Alan | G10: Ar-Ge | H10: SU ÜRETİM
H11: SU ARITMA
H12: MEKANİK ATÖLYE
H13: DİĞER

Sheet Projeler
A1: PROJE YÖNETİM TABLOSU
A2: PRJ_ID | B2: Proje_Adı | C2: Tesis | D2: Kategori | E2: Açıklama / Kapsam | F2: Teknik_Gerekçe | G2: Fayda | H2: Öncelik | I2: Risk_Seviyesi | J2: Sorumlu | K2: Talep_Tarihi | L2: Plan_Baslangic | M2: Plan_Bitis | N2: Ger_Baslangic | O2: Ger_Bitis | P2: Aşama | Q2: İlerleme_% | R2: Plan_Butce_TL | S2: Teklif_TL | T2: Siparis_TL | U2: Ger_Harcama_TL | V2: Kalan_Butce_TL | W2: Butce_Sapmasi_% | X2: Belge_No | Y2: Durum | Z2: Sonraki_Aksiyon | AA2: Aks_Sorumlu | AB2: Aks_Termin | AC2: Gecikme_Nedeni | AD2: Son_Guncelleme
A3: PRJ-2026-001 | B3: Pilot Reaktör Odası Taşınması | C3: Reçine Tesisi | D3: Taşıma / Yeniden Düzenleme | E3: Pilot reaktör odasının (yemekhane yanı) Ar-Ge arkasındaki alana taşınması | F3: Mevcut pilot reaktör odası konumu operasyonel açıdan uygun değil; kapasite ve güvenlik gerekliliklerini karşılamıyor. | G3: İşletme güvenliğinin artırılması, proses verimliliği ve ar-ge kapasitesinin iyileştirilmesi | H3: 2-Yüksek | I3: ORTA | J3: Orhan KARABA | K3: 01.09.2026 | L3: 01.10.2026 | M3: 01.12.2026 | P3: Planlama / Maliyet Analizi | Q3: 0.1 | R3: 2129488.9 | S3: 2129488.9 | T3: 0 | U3: 0 | V3: =R3-T3 -> 2129488.9 | W3: =IFERROR((T3-R3)/R3,"") -> -1 | X3: POL-MBO-PRT-2026-001 Rev.01 | Y3: Devam Ediyor | Z3: Elektrik bağlantısı kapsamının netleştirilmesi (Kalem 6 sıfır); kot ölçümü ve mühendislik onayı | AA3: Orhan KARABA | AB3: 30.10.2026 | AD3: 09.10.2026
A4: PRJ-2026-002 | B4: Reçine Tesisi Reaktör Acil Durum Drain (Dump) Sistemi | C4: Reçine Tesisi | D4: Güvenlik / Yatırım | E4: Reçine tesisi reaktörlerinin (R-101 ile R-106) acil durum boşaltma sistemi kurulumu. 50 m³ nominal dump tankı ve bağlantı hatları. | F4: HAZOP çalışmasında reaktör acil boşaltma altyapısı eksikliği kritik risk olarak tespit edildi. LOPA gereksinimleri karşılanmalı. | G4: Yangın/patlama riski eliminasyonu, düzenleyici uyumluluk, operasyonel güvenilirlik artışı | H4: 1-Acil | I4: KRİTİK | J4: Orhan KARABA | K4: 01.09.2026 | L4: 01.11.2026 | M4: 30.06.2027 | P4: Fizibilite / Senaryo Analizi | Q4: 0.15 | R4: 40300000 | S4: 0 | T4: 0 | U4: 0 | V4: =R4-T4 -> 40300000 | W4: =IFERROR((T4-R4)/R4,"") -> -1 | X4: POL-MBO-ADS-2026-002 Rev.02 | Y4: Devam Ediyor | Z4: Kot etüdü ve DN200 kollektör mesafe ölçümü; Senaryo A vs B final karar; HAZOP revizyonu; tedarikçi teklif toplama | AA4: Orhan KARABA | AB4: 30.10.2026 | AC4: UF reaktör hacmi ve fenolik swell doğrulanmadan hacim kesinleşmez | AD4: 09.10.2026

Sheet Proje_Aksiyonlar
A1: PROJE AKSİYONLARI
A2: AKS_ID | B2: PRJ_ID | C2: Proje_Adı | D2: Aksiyon_Açıklaması | E2: Kategori | F2: Sorumlu | G2: Acilis_Tarihi | H2: Termin | I2: Durum | J2: Öncelik | K2: Tamamlanma_Tarihi | L2: Gecikme_Gun | M2: Notlar | N2: Son_Güncelleme
A3: PA-001 | B3: PRJ-2026-001 | C3: =IFERROR(INDEX(Projeler!B:B,MATCH(B3,Projeler!A:A,0)),"") -> Pilot Reaktör Odası Taşınması | D3: Elektrik bağlantısı kapsamı netleştirilecek (kablo metrajı, pano konumu belirlenmeli) | E3: Mühendislik / Kapsam | F3: Orhan KARABA | G3: 46296 | H3: 46325 | I3: Açık | J3: 1-Acil | L3: =IF(OR(I3="Tamamlandı",I3="İptal"),"",IF(TODAY()-H3>0,TODAY()-H3,"")) | M3: Elektrik kapsamı netleşmeden maliyet analizi tamamlanamaz | N3: 46304
A4: PA-002 | B4: PRJ-2026-001 | C4: =IFERROR(INDEX(Projeler!B:B,MATCH(B4,Projeler!A:A,0)),"") -> Pilot Reaktör Odası Taşınması | D4: Betopan demontaj birim fiyatı teyidi (PH.INS.035 yarı fiyatı varsayım) | E4: Teknik / Sözleşme | F4: Orhan KARABA | G4: 46296 | H4: 46325 | I4: Açık | J4: 2-Yüksek | L4: =IF(OR(I4="Tamamlandı",I4="İptal"),"",IF(TODAY()-H4>0,TODAY()-H4,"")) | M4: Açık madde: protokolde demontaj pozu yok | N4: 46304
A5: PA-003 | B5: PRJ-2026-001 | C5: =IFERROR(INDEX(Projeler!B:B,MATCH(B5,Projeler!A:A,0)),"") -> Pilot Reaktör Odası Taşınması | D5: İzolasyon demontajı yevmiye sayısı doğrulanacak (6 vs 8 yevmiye açıklığı) | E5: Teknik / Kapsam | F5: Orhan KARABA | G5: 46296 | H5: 46326 | I5: Açık | J5: 3-Orta | L5: =IF(OR(I5="Tamamlandı",I5="İptal"),"",IF(TODAY()-H5>0,TODAY()-H5,"")) | M5: Kullanıcı 6 yevmiye verdi; maliyet hesabında 8 kullanıldı | N5: 46304
A6: PA-004 | B6: PRJ-2026-001 | C6: =IFERROR(INDEX(Projeler!B:B,MATCH(B6,Projeler!A:A,0)),"") -> Pilot Reaktör Odası Taşınması | D6: Yüklenici teklif alınması (en az 3 tedarikçi) | E6: Satın Alma | F6: Orhan KARABA | G6: 46327 | H6: 46357 | I6: Açık | J6: 2-Yüksek | L6: =IF(OR(I6="Tamamlandı",I6="İptal"),"",IF(TODAY()-H6>0,TODAY()-H6,"")) | M6: Mevcut maliyet AACE Class 4 tahmin | N6: 46304
A7: PA-005 | B7: PRJ-2026-002 | C7: =IFERROR(INDEX(Projeler!B:B,MATCH(B7,Projeler!A:A,0)),"") -> Reçine Tesisi Reaktör Acil Durum Drain (Dump) Sistemi | D7: Kot etüdü: reaktör dip nozulu ile dump tankı yükseklik farkı ≥4m doğrulanacak | E7: Mühendislik / Saha | F7: Orhan KARABA | G7: 46304 | H7: 46325 | I7: Açık | J7: 1-Acil | L7: =IF(OR(I7="Tamamlandı",I7="İptal"),"",IF(TODAY()-H7>0,TODAY()-H7,"")) | M7: Senaryo A için kritik: kot <4m ise yerçekimiyle çalışmaz | N7: 46304
A8: PA-006 | B8: PRJ-2026-002 | C8: =IFERROR(INDEX(Projeler!B:B,MATCH(B8,Projeler!A:A,0)),"") -> Reçine Tesisi Reaktör Acil Durum Drain (Dump) Sistemi | D8: R-105/R-106 dolu hacmi ve R-101/R-102 çalışma hacminin teyidi | E8: Proses / Mühendislik | F8: Orhan KARABA | G8: 46304 | H8: 46326 | I8: Açık | J8: 1-Acil | L8: =IF(OR(I8="Tamamlandı",I8="İptal"),"",IF(TODAY()-H8>0,TODAY()-H8,"")) | M8: 50 m³ tank hacmi bu verilere göre seçildi | N8: 46304
A9: PA-007 | B9: PRJ-2026-002 | C9: =IFERROR(INDEX(Projeler!B:B,MATCH(B9,Projeler!A:A,0)),"") -> Reçine Tesisi Reaktör Acil Durum Drain (Dump) Sistemi | D9: ARC/VSP2 kalorimetre (fenolik) → DIERS hesabı | E9: Güvenlik / Test | F9: Orhan KARABA | G9: 46327 | H9: 46419 | I9: Açık | J9: 1-Acil | L9: =IF(OR(I9="Tamamlandı",I9="İptal"),"",IF(TODAY()-H9>0,TODAY()-H9,"")) | M9: UF reaktör swell fenolik 1,25 varsayımı doğrulanmadan hacim kesinleşmez | N9: 46304
A10: PA-008 | B10: PRJ-2026-002 | C10: =IFERROR(INDEX(Projeler!B:B,MATCH(B10,Projeler!A:A,0)),"") -> Reçine Tesisi Reaktör Acil Durum Drain (Dump) Sistemi | D10: DN200 kollektör güzergah saha ölçümü (25m kabul edildi) | E10: Mühendislik / Saha | F10: Orhan KARABA | G10: 46304 | H10: 46326 | I10: Açık | J10: 2-Yüksek | L10: =IF(OR(I10="Tamamlandı",I10="İptal"),"",IF(TODAY()-H10>0,TODAY()-H10,"")) | M10: Her 10m ek hat süreyi ~%8 artırır | N10: 46304
A11: PA-009 | B11: PRJ-2026-002 | C11: =IFERROR(INDEX(Projeler!B:B,MATCH(B11,Projeler!A:A,0)),"") -> Reçine Tesisi Reaktör Acil Durum Drain (Dump) Sistemi | D11: HAZOP revizyonu: kollektör fail-safe mantığı ve ürün karışımı uyumluluğu | E11: Güvenlik / HAZOP | F11: Orhan KARABA | G11: 46327 | H11: 46357 | I11: Açık | J11: 1-Acil | L11: =IF(OR(I11="Tamamlandı",I11="İptal"),"",IF(TODAY()-H11>0,TODAY()-H11,"")) | N11: 46304
A12: PA-010 | B12: PRJ-2026-002 | C12: =IFERROR(INDEX(Projeler!B:B,MATCH(B12,Projeler!A:A,0)),"") -> Reçine Tesisi Reaktör Acil Durum Drain (Dump) Sistemi | D12: Tank / dump vanası / kaplama için 3 tedarikçiden teklif alınması | E12: Satın Alma | F12: Orhan KARABA | G12: 46327 | H12: 46357 | I12: Açık | J12: 2-Yüksek | L12: =IF(OR(I12="Tamamlandı",I12="İptal"),"",IF(TODAY()-H12>0,TODAY()-H12,"")) | M12: Hiçbir kalem alınmış teklif değil; AACE Class 4 | N12: 46304
A13: PA-011 | B13: PRJ-2026-002 | C13: =IFERROR(INDEX(Projeler!B:B,MATCH(B13,Projeler!A:A,0)),"") -> Reçine Tesisi Reaktör Acil Durum Drain (Dump) Sistemi | D13: Tie-in işlerinin planlı TAM penceresine alınması | E13: Planlama / TAM | F13: Orhan KARABA | G13: 46327 | H13: 46388 | I13: Açık | J13: 2-Yüksek | L13: =IF(OR(I13="Tamamlandı",I13="İptal"),"",IF(TODAY()-H13>0,TODAY()-H13,"")) | N13: 46304

Sheet Gunluk_Is_Takibi
A1: GÜNLÜK İŞ VE AKSİYON TAKİBİ
A2: IS_ID | B2: İş_Açıklaması | C2: İlgili_PRJ | D2: Ekipman_Tag | E2: İş_Kategorisi | F2: Talep_Eden | G2: Sorumlu | H2: Acilis_Tarihi | I2: Termin | J2: Öncelik | K2: Durum | L2: Bekleme_Nedeni | M2: Son_İşlem | N2: Sonraki_Adım | O2: Tamamlanma | P2: Notlar
A3: IS-001 | B3: Tank havuzu sızdırmazlık ve statik yük raporu alınacak (T-303 çevresi) | C3: PRJ-2026-002 | D3: T-303 | E3: Teknik İnceleme / Rapor | F3: HAZOP Ekibi | G3: Orhan KARABA | H3: 23.09.2026 | I3: 30.10.2026 | J3: 1-Acil | K3: Açık | L3: HAZOP A-003 aksiyonundan kaynaklanıyor | N3: Muayene firmasına talep gönderilecek
A4: IS-002 | B4: LS-02 SIL sertifikalı seviye transmitteri T-303'e kurulumu | C4: PRJ-2026-002 | D4: T-303 / LS-02 | E4: Enstrüman Montajı | F4: HAZOP Ekibi | G4: Orhan KARABA | H4: 23.09.2026 | I4: 31.12.2026 | J4: 1-Acil | K4: Açık | L4: Cihaz temin ve montaj programı bekleniyor | N4: Teknik şartname hazırlanacak; tedarikçi araştırması
A5: IS-003 | B5: Metanol tankı (T-303) kumlamalı boya bakımı | D5: T-303 / Metanol Tankı | E5: Mekanik Bakım | F5: Bakım Mühendisi | G5: Orhan KARABA | H5: 01.10.2026 | I5: 31.03.2027 | J5: 2-Yüksek | K5: Açık | L5: Bütçe onayı bekleniyor | M5: Tank muayene raporunda "korozyon çok şiddetli" notu var | N5: Bütçe talebini hazırla; iş izni planla
A6: IS-004 | B6: UFC+FA Geçiş Tankı tavan korkulukları revizyonu | D6: UFC+FA Geçiş Tankı (602) | E6: Mekanik Bakım | F6: Bakım Mühendisi | G6: Orhan KARABA | H6: 01.10.2026 | I6: 31.12.2026 | J6: 3-Orta | K6: Açık | M6: Kontrol raporunda "tavan korkulukları revizyon gerekli" notu var | N6: Ölçüm ve çizim hazırlanacak; iş izni
A7: IS-005 | B7: Formaldehit tankları (201-502) Out-of-service muayene raporu eksikliği | D7: FORMALDEHİT TANKI 201/301/302/501/502/101/300 | E7: Muayene / Uygunluk | F7: Teknik Güvenlik | G7: Orhan KARABA | H7: 01.10.2026 | I7: 31.12.2026 | J7: 1-Acil | K7: Açık | L7: Akredite muayene firması program bekleniyor | M7: 7 tank uygun değil; sadece in-service raporu mevcut | N7: Muayene firmasına yazı gönderilecek; out-of-service takvim belirlenecek
A8: IS-006 | B8: ADS projesi senaryo A/B final karar ve onay | C8: PRJ-2026-002 | E8: Proje Kararı | F8: Yönetim | G8: Orhan KARABA | H8: 01.10.2026 | I8: 15.11.2026 | J8: 1-Acil | K8: Açık | L8: Kot etüdü sonucu bekleniyor (PA-005) | N8: Kot etüdü tamamlanınca yönetime sunum yapılacak

Sheet Tank_Envanteri
A1: TANK ENVANTERİ — TÜM TESİSLER
A2: TANK_ID | B2: Kaynak_Sayfa | C2: Tesis | D2: SN | E2: Tank_Adı | F2: Tank_No_ID | G2: Hacim_m3 | H2: Kimyasal | I2: Tank_Tipi | J2: Malzeme | K2: Standart | L2: Muayene_Periyot | M2: Son_Kontrol | N2: Sonraki_Kontrol | O2: Kalan_Gun | P2: Uyarı_Durumu | Q2: Durum | R2: Rapor_No | S2: Açıklama | T2: Son_Güncelleme
A3: T-001 | B3: Tank Listesİ | C3: Gümüş Tesisi | D3: 1.0 | E3: ANA KOSTIK TANKI(st61m3) | F3: 703.0 | G3: 64 | H3: KOSTİK | I3: Ayaklı tank | K3: TS EN 12285 -2 / API- 510 | L3: Yıllık | M3: 2025-03-24 00:00:00 | N3: 2026-03-24 00:00:00 | O3: =IFERROR(IF(N3="","",DATEVALUE(TEXT(N3,"DD.MM.YYYY"))-TODAY()),"Tarih Yok") -> Tarih Yok | P3: =IFERROR(IF(N3="","Tarih Yok",IF(DATEVALUE(TEXT(N3,"DD.MM.YYYY"))<TODAY(),"GECİKMİŞ",IF(DATEVALUE(TEXT(N3,"DD.MM.YYYY"))-TODAY()<=30,"30 GÜN İÇİNDE",IF(DATEVALUE(TEXT(N3,"DD.MM.YYYY"))-TODAY()<=90,"90 GÜN İÇİNDE","Takvimdeyiz")))),"Tarih Kontrol") -> Tarih Kontrol | Q3: Uygun | S3: UYGUN | T3: 09.10.2026
A4: T-002 | B4: Tank Listesİ | C4: Gümüş Tesisi | D4: 2.0 | E4: UFC+FA GEÇİŞ TANKI | F4: 602.0 | G4: 110 | H4: UFC | I4: Ayaklı tank | K4: TS EN 12285 -2 / API- 510 | L4: Yıllık | M4: 2025-04-08 00:00:00 | N4: 2026-04-08 00:00:00 | O4: =IFERROR(IF(N4="","",DATEVALUE(TEXT(N4,"DD.MM.YYYY"))-TODAY()),"Tarih Yok") -> Tarih Yok | P4: =IFERROR(IF(N4="","Tarih Yok",IF(DATEVALUE(TEXT(N4,"DD.MM.YYYY"))<TODAY(),"GECİKMİŞ",IF(DATEVALUE(TEXT(N4,"DD.MM.YYYY"))-TODAY()<=30,"30 GÜN İÇİNDE",IF(DATEVALUE(TEXT(N4,"DD.MM.YYYY"))-TODAY()<=90,"90 GÜN İÇİNDE","Takvimdeyiz")))),"Tarih Kontrol") -> Tarih Kontrol | Q4: Uygun | S4: TAVAN KORKULUKLARI REVİZYON GEREKLİ | T4: 09.10.2026
A5: T-003 | B5: Tank Listesİ | C5: Gümüş Tesisi | D5: 3.0 | E5: FORMALDEHİT TANKI | F5: 201.0 | G5: 270 | H5: FORMALDEHİT | I5: Ayaksız tank | K5: API- 653 | L5: Out of service 10 yıl / İn Service 5 yıl | M5: 2018-07-01 00:00:00 | N5: 2023-07-01 00:00:00 | O5: =IFERROR(IF(N5="","",DATEVALUE(TEXT(N5,"DD.MM.YYYY"))-TODAY()),"Tarih Yok") -> Tarih Yok | P5: =IFERROR(IF(N5="","Tarih Yok",IF(DATEVALUE(TEXT(N5,"DD.MM.YYYY"))<TODAY(),"GECİKMİŞ",IF(DATEVALUE(TEXT(N5,"DD.MM.YYYY"))-TODAY()<=30,"30 GÜN İÇİNDE",IF(DATEVALUE(TEXT(N5,"DD.MM.YYYY"))-TODAY()<=90,"90 GÜN İÇİNDE","Takvimdeyiz")))),"Tarih Kontrol") -> Tarih Kontrol | Q5: Uygun Değil | S5: Sadece inservice raporu bulunmaktadır. Out of sevice raporu da olmalıdır. Bu sebeple uygunsuzdur. | T5: 09.10.2026
A6: T-004 | B6: Tank Listesİ | C6: Gümüş Tesisi | D6: 4.0 | E6: FORMALDEHIT TANKI-2 | F6: 301.0 | G6: 289 | H6: UFC | I6: Ayaksız tank | K6: API- 653 | L6: Out of service 10 yıl / İn Service 5 yıl | M6: 2020-01-01 00:00:00 | N6: 2025-01-01 00:00:00 | O6: =IFERROR(IF(N6="","",DATEVALUE(TEXT(N6,"DD.MM.YYYY"))-TODAY()),"Tarih Yok") -> Tarih Yok | P6: =IFERROR(IF(N6="","Tarih Yok",IF(DATEVALUE(TEXT(N6,"DD.MM.YYYY"))<TODAY(),"GECİKMİŞ",IF(DATEVALUE(TEXT(N6,"DD.MM.YYYY"))-TODAY()<=30,"30 GÜN İÇİNDE",IF(DATEVALUE(TEXT(N6,"DD.MM.YYYY"))-TODAY()<=90,"90 GÜN İÇİNDE","Takvimdeyiz")))),"Tarih Kontrol") -> Tarih Kontrol | Q6: Uygun Değil | S6: Sadece inservice raporu bulunmaktadır. Out of sevice raporu da olmalıdır. Bu sebeple uygunsuzdur. | T6: 09.10.2026
A7: T-005 | B7: Tank Listesİ | C7: Gümüş Tesisi | D7: 5.0 | E7: FORMALDEHIT TANKI-3 | F7: 302.0 | G7: 289 | H7: FORMALDEHİT | I7: Ayaksız tank | K7: API- 653 | L7: Out of service 10 yıl / İn Service 5 yıl | M7: 2018-07-01 00:00:00 | N7: 2023-07-01 00:00:00 | O7: =IFERROR(IF(N7="","",DATEVALUE(TEXT(N7,"DD.MM.YYYY"))-TODAY()),"Tarih Yok") -> Tarih Yok | P7: =IFERROR(IF(N7="","Tarih Yok",IF(DATEVALUE(TEXT(N7,"DD.MM.YYYY"))<TODAY(),"GECİKMİŞ",IF(DATEVALUE(TEXT(N7,"DD.MM.YYYY"))-TODAY()<=30,"30 GÜN İÇİNDE",IF(DATEVALUE(TEXT(N7,"DD.MM.YYYY"))-TODAY()<=90,"90 GÜN İÇİNDE","Takvimdeyiz")))),"Tarih Kontrol") -> Tarih Kontrol | Q7: Uygun Değil | S7: Sadece inservice raporu bulunmaktadır. Out of sevice raporu da olmalıdır. Bu sebeple uygunsuzdur. | T7: 09.10.2026
A8: T-006 | B8: Tank Listesİ | C8: Gümüş Tesisi | D8: 6.0 | E8: FORMALDEHIT TANKI-4 | F8: 501.0 | G8: 510 | H8: UFC | I8: Ayaksız tank | K8: API- 653 | L8: Out of service 10 yıl / İn Service 5 yıl | M8: 2021-03-01 00:00:00 | N8: 2026-03-01 00:00:00 | O8: =IFERROR(IF(N8="","",DATEVALUE(TEXT(N8,"DD.MM.YYYY"))-TODAY()),"Tarih Yok") -> Tarih Yok | P8: =IFERROR(IF(N8="","Tarih Yok",IF(DATEVALUE(TEXT(N8,"DD.MM.YYYY"))<TODAY(),"GECİKMİŞ",IF(DATEVALUE(TEXT(N8,"DD.MM.YYYY"))-TODAY()<=30,"30 GÜN İÇİNDE",IF(DATEVALUE(TEXT(N8,"DD.MM.YYYY"))-TODAY()<=90,"90 GÜN İÇİNDE","Takvimdeyiz")))),"Tarih Kontrol") -> Tarih Kontrol | Q8: Uygun Değil | S8: Sadece inservice raporu bulunmaktadır. Out of sevice raporu da olmalıdır. Bu sebeple uygunsuzdur. | T8: 09.10.2026
A9: T-007 | B9: Tank Listesİ | C9: Gümüş Tesisi | D9: 7.0 | E9: FORMALDEHIT TANKI-5 | F9: 502.0 | G9: 511 | H9: FORMALDEHİT | I9: Ayaksız tank | K9: API- 653 | L9: Out of service 10 yıl / İn Service 5 yıl | M9: 2018-07-01 00:00:00 | N9: 2023-07-01 00:00:00 | O9: =IFERROR(IF(N9="","",DATEVALUE(TEXT(N9,"DD.MM.YYYY"))-TODAY()),"Tarih Yok") -> Tarih Yok | P9: =IFERROR(IF(N9="","Tarih Yok",IF(DATEVALUE(TEXT(N9,"DD.MM.YYYY"))<TODAY(),"GECİKMİŞ",IF(DATEVALUE(TEXT(N9,"DD.MM.YYYY"))-TODAY()<=30,"30 GÜN İÇİNDE",IF(DATEVALUE(TEXT(N9,"DD.MM.YYYY"))-TODAY()<=90,"90 GÜN İÇİNDE","Takvimdeyiz")))),"Tarih Kontrol") -> Tarih Kontrol | Q9: Uygun Değil | S9: Sadece inservice raporu bulunmaktadır. Out of sevice raporu da olmalıdır. Bu sebeple uygunsuzdur. | T9: 09.10.2026
A10: T-008 | B10: Tank Listesİ | C10: Gümüş Tesisi | D10: 8.0 | E10: FORMALDEHIT TANKI-6 | F10: 101.0 | G10: 115 | H10: UFC | I10: Ayaksız tank | K10: API- 653 | L10: Out of service 10 yıl / İn Service 5 yıl | M10: 2018-07-01 00:00:00 | N10: 2023-07-01 00:00:00 | O10: =IFERROR(IF(N10="","",DATEVALUE(TEXT(N10,"DD.MM.YYYY"))-TODAY()),"Tarih Yok") -> Tarih Yok | P10: =IFERROR(IF(N10="","Tarih Yok",IF(DATEVALUE(TEXT(N10,"DD.MM.YYYY"))<TODAY(),"GECİKMİŞ",IF(DATEVALUE(TEXT(N10,"DD.MM.YYYY"))-TODAY()<=30,"30 GÜN İÇİNDE",IF(DATEVALUE(TEXT(N10,"DD.MM.YYYY"))-TODAY()<=90,"90 GÜN İÇİNDE","Takvimdeyiz")))),"Tarih Kontrol") -> Tarih Kontrol | Q10: Uygun Değil | S10: Sadece inservice raporu bulunmaktadır. Out of sevice raporu da olmalıdır. Bu sebeple uygunsuzdur. | T10: 09.10.2026
A11: T-009 | B11: Tank Listesİ | C11: Gümüş Tesisi | D11: 9.0 | E11: FORMALDEHIT TANKI-8 | F11: 300.0 | G11: 100 | H11: UFC | I11: Ayaksız tank | K11: API- 653 | L11: Out of service 10 yıl / İn Service 5 yıl | M11: 2018-07-01 00:00:00 | N11: 2023-07-01 00:00:00 | O11: =IFERROR(IF(N11="","",DATEVALUE(TEXT(N11,"DD.MM.YYYY"))-TODAY()),"Tarih Yok") -> Tarih Yok | P11: =IFERROR(IF(N11="","Tarih Yok",IF(DATEVALUE(TEXT(N11,"DD.MM.YYYY"))<TODAY(),"GECİKMİŞ",IF(DATEVALUE(TEXT(N11,"DD.MM.YYYY"))-TODAY()<=30,"30 GÜN İÇİNDE",IF(DATEVALUE(TEXT(N11,"DD.MM.YYYY"))-TODAY()<=90,"90 GÜN İÇİNDE","Takvimdeyiz")))),"Tarih Kontrol") -> Tarih Kontrol | Q11: Uygun Değil | S11: Sadece inservice raporu bulunmaktadır. Out of sevice raporu da olmalıdır. Bu sebeple uygunsuzdur. | T11: 09.10.2026
A12: T-010 | B12: Tank Listesİ | C12: Gümüş Tesisi | D12: 10.0 | E12: FORMALDEHIT TANKI | F12: 601.0 | G12: 74 | H12: FORMALDEHİT | I12: Ayaklı tank | K12: TS EN 12285 -2 / API- 510 | L12: Yıllık | M12: 2025-04-07 00:00:00 | N12: 2026-04-06 00:00:00 | O12: =IFERROR(IF(N12="","",DATEVALUE(TEXT(N12,"DD.MM.YYYY"))-TODAY()),"Tarih Yok") -> Tarih Yok | P12: =IFERROR(IF(N12="","Tarih Yok",IF(DATEVALUE(TEXT(N12,"DD.MM.YYYY"))<TODAY(),"GECİKMİŞ",IF(DATEVALUE(TEXT(N12,"DD.MM.YYYY"))-TODAY()<=30,"30 GÜN İÇİNDE",IF(DATEVALUE(TEXT(N12,"DD.MM.YYYY"))-TODAY()<=90,"90 GÜN İÇİNDE","Takvimdeyiz")))),"Tarih Kontrol") -> Tarih Kontrol | Q12: Uygun | S12: TAVAN KORKULUKLARI VE ALT SÜPÜRGELİKLERİ YOK. | T12: 09.10.2026
A13: T-011 | B13: Tank Listesİ | C13: Gümüş Tesisi | D13: 11.0 | E13: FENOL TANKI | F13: 702.0 | G13: 119 | H13: FENOL | I13: Ayaksız tank | K13: API- 653 | L13: Out of service 10 yıl / İn Service 5 yıl | M13: 2021-03-01 00:00:00 | O13: =IFERROR(IF(N13="","",DATEVALUE(TEXT(N13,"DD.MM.YYYY"))-TODAY()),"Tarih Yok") | P13: =IFERROR(IF(N13="","Tarih Yok",IF(DATEVALUE(TEXT(N13,"DD.MM.YYYY"))<TODAY(),"GECİKMİŞ",IF(DATEVALUE(TEXT(N13,"DD.MM.YYYY"))-TODAY()<=30,"30 GÜN İÇİNDE",IF(DATEVALUE(TEXT(N13,"DD.MM.YYYY"))-TODAY()<=90,"90 GÜN İÇİNDE","Takvimdeyiz")))),"Tarih Kontrol") -> Tarih Yok | Q13: Uygunsuz | S13: Sadece inservice raporu bulunmaktadır. Out of sevice raporu da olmalıdır. Bu sebeple uygunsuzdur. | T13: 09.10.2026
A14: T-012 | B14: Tank Listesİ | C14: Gümüş Tesisi | D14: 12.0 | E14: METANOL TANKI | F14: 303.0 | G14: 400 | H14: METANOL | I14: Ayaksız tank | K14: API- 653 | L14: Out of service 10 yıl / İn Service 5 yıl | M14: 25.08.2025 API 653 | N14: 2030-08-28 00:00:00 | O14: =IFERROR(IF(N14="","",DATEVALUE(TEXT(N14,"DD.MM.YYYY"))-TODAY()),"Tarih Yok") -> Tarih Yok | P14: =IFERROR(IF(N14="","Tarih Yok",IF(DATEVALUE(TEXT(N14,"DD.MM.YYYY"))<TODAY(),"GECİKMİŞ",IF(DATEVALUE(TEXT(N14,"DD.MM.YYYY"))-TODAY()<=30,"30 GÜN İÇİNDE",IF(DATEVALUE(TEXT(N14,"DD.MM.YYYY"))-TODAY()<=90,"90 GÜN İÇİNDE","Takvimdeyiz")))),"Tarih Kontrol") -> Tarih Kontrol | Q14: Uygun | S14: TANK KOMPLE MEKANİK BAKIMA ALINMALI - KUMLAMA BOYA - KOROZYON OLUŞUMU ÇOK ŞİDDETLİ | T14: 09.10.2026
A15: T-013 | B15: Tank Listesİ | C15: Gümüş Tesisi | D15: 13.0 | E15: DESTİLAT TANKI | F15: 705.0 | G15: 63 | I15: Ayaklı tank | K15: TS EN 12285 -2 / API- 510 | L15: Yıllık | M15: 2025-04-08 00:00:00 | N15: 2026-04-08 00:00:00 | O15: =IFERROR(IF(N15="","",DATEVALUE(TEXT(N15,"DD.MM.YYYY"))-TODAY()),"Tarih Yok") -> Tarih Yok | P15: =IFERROR(IF(N15="","Tarih Yok",IF(DATEVALUE(TEXT(N15,"DD.MM.YYYY"))<TODAY(),"GECİKMİŞ",IF(DATEVALUE(TEXT(N15,"DD.MM.YYYY"))-TODAY()<=30,"30 GÜN İÇİNDE",IF(DATEVALUE(TEXT(N15,"DD.MM.YYYY"))-TODAY()<=90,"90 GÜN İÇİNDE","Takvimdeyiz")))),"Tarih Kontrol") -> Tarih Kontrol | Q15: Uygun | S15: TAVAN KORKULUKLARI VE ALT SÜPÜRGELİKLERİ YOK. | T15: 09.10.2026
A16: T-014 | B16: Tank Listesİ | C16: Gümüş Tesisi | D16: 14.0 | E16: KONDENS TANKI | F16: 704.0 | G16: 13 | I16: Ayaklı tank | K16: TS EN 12285 -2 / API- 510 | L16: Yıllık | M16: 2025-04-01 00:00:00 | O16: =IFERROR(IF(N16="","",DATEVALUE(TEXT(N16,"DD.MM.YYYY"))-TODAY()),"Tarih Yok") | P16: =IFERROR(IF(N16="","Tarih Yok",IF(DATEVALUE(TEXT(N16,"DD.MM.YYYY"))<TODAY(),"GECİKMİŞ",IF(DATEVALUE(TEXT(N16,"DD.MM.YYYY"))-TODAY()<=30,"30 GÜN İÇİNDE",IF(DATEVALUE(TEXT(N16,"DD.MM.YYYY"))-TODAY()<=90,"90 GÜN İÇİNDE","Takvimdeyiz")))),"Tarih Kontrol") -> Tarih Yok | Q16: Uygun Değil | S16: TANK KOROZYON KAYNAKLI INSPECTION YAPILAMAMIŞTIR. KUMLAMA BOYA GEREKLİDİR. | T16: 09.10.2026
A17: T-015 | B17: Tank Listesİ | C17: Gümüş Tesisi | D17: 15.0 | E17: PROSES SU TANKI | F17: 701.0 | G17: 68 | I17: Ayaklı tank | K17: TS EN 12285 -2 / API- 510 | L17: Yıllık | M17: 2025-04-08 00:00:00 | N17: 2026-04-08 00:00:00 | O17: =IFERROR(IF(N17="","",DATEVALUE(TEXT(N17,"DD.MM.YYYY"))-TODAY()),"Tarih Yok") -> Tarih Yok | P17: =IFERROR(IF(N17="","Tarih Yok",IF(DATEVALUE(TEXT(N17,"DD.MM.YYYY"))<TODAY(),"GECİKMİŞ",IF(DATEVALUE(TEXT(N17,"DD.MM.YYYY"))-TODAY()<=30,"30 GÜN İÇİNDE",IF(DATEVALUE(TEXT(N17,"DD.MM.YYYY"))-TODAY()<=90,"90 GÜN İÇİNDE","Takvimdeyiz")))),"Tarih Kontrol") -> Tarih Kontrol | Q17: Uygun | S17: TAVAN KORKULUKLARI VE ALT SÜPÜRGELİKLERİ YOK. | T17: 09.10.2026
A18: T-016 | B18: Tank Listesİ | C18: Gümüş Tesisi | D18: 16.0 | E18: SU TANKI | F18: 102.0 | G18: 115 | I18: Ayaklı tank | K18: TS EN 12285 -2 / API- 510 | L18: Yıllık | M18: 2018-07-01 00:00:00 | O18: =IFERROR(IF(N18="","",DATEVALUE(TEXT(N18,"DD.MM.YYYY"))-TODAY()),"Tarih Yok") | P18: =IFERROR(IF(N18="","Tarih Yok",IF(DATEVALUE(TEXT(N18,"DD.MM.YYYY"))<TODAY(),"GECİKMİŞ",IF(DATEVALUE(TEXT(N18,"DD.MM.YYYY"))-TODAY()<=30,"30 GÜN İÇİNDE",IF(DATEVALUE(TEXT(N18,"DD.MM.YYYY"))-TODAY()<=90,"90 GÜN İÇİNDE","Takvimdeyiz")))),"Tarih Kontrol") -> Tarih Yok | Q18: Kontrolü yok | T18: 09.10.2026
A19: T-017 | B19: Tank Listesİ | C19: Gümüş Tesisi | D19: 17.0 | E19: RECINE TANKI-1 | F19: 1.0 | G19: 115 | H19: ÜRE REÇİNESİ | I19: Ayaklı tank | K19: TS EN 12285 -2 / API- 510 | L19: Yıllık | M19: 2025-03-22 00:00:00 | N19: 2026-03-22 00:00:00 | O19: =IFERROR(IF(N19="","",DATEVALUE(TEXT(N19,"DD.MM.YYYY"))-TODAY()),"Tarih Yok") -> Tarih Yok | P19: =IFERROR(IF(N19="","Tarih Yok",IF(DATEVALUE(TEXT(N19,"DD.MM.YYYY"))<TODAY(),"GECİKMİŞ",IF(DATEVALUE(TEXT(N19,"DD.MM.YYYY"))-TODAY()<=30,"30 GÜN İÇİNDE",IF(DATEVALUE(TEXT(N19,"DD.MM.YYYY"))-TODAY()<=90,"90 GÜN İÇİNDE","Takvimdeyiz")))),"Tarih Kontrol") -> Tarih Kontrol | Q19: Uygun | S19: UYGUN | T19: 09.10.2026
A20: T-018 | B20: Tank Listesİ | C20: Gümüş Tesisi | D20: 18.0 | E20: RECINE TANKI-2 | F20: 2.0 | G20: 115 | H20: ÜRE REÇİNESİ | I20: Ayaklı tank | K20: TS EN 12285 -2 / API- 510 | L20: Yıllık | M20: 2025-03-22 00:00:00 | N20: 2026-03-22 00:00:00 | O20: =IFERROR(IF(N20="","",DATEVALUE(TEXT(N20,"DD.MM.YYYY"))-TODAY()),"Tarih Yok") -> Tarih Yok | P20: =IFERROR(IF(N20="","Tarih Yok",IF(DATEVALUE(TEXT(N20,"DD.MM.YYYY"))<TODAY(),"GECİKMİŞ",IF(DATEVALUE(TEXT(N20,"DD.MM.YYYY"))-TODAY()<=30,"30 GÜN İÇİNDE",IF(DATEVALUE(TEXT(N20,"DD.MM.YYYY"))-TODAY()<=90,"90 GÜN İÇİNDE","Takvimdeyiz")))),"Tarih Kontrol") -> Tarih Kontrol | Q20: Uygun | S20: UYGUN | T20: 09.10.2026
A21: T-019 | B21: Tank Listesİ | C21: Gümüş Tesisi | D21: 19.0 | E21: RECINE TANKI-3 | F21: 3.0 | G21: 115 | H21: ÜRE REÇİNESİ | I21: Ayaklı tank | K21: TS EN 12285 -2 / API- 510 | L21: Yıllık | M21: 2025-03-22 00:00:00 | N21: 2026-03-22 00:00:00 | O21: =IFERROR(IF(N21="","",DATEVALUE(TEXT(N21,"DD.MM.YYYY"))-TODAY()),"Tarih Yok") -> Tarih Yok | P21: =IFERROR(IF(N21="","Tarih Yok",IF(DATEVALUE(TEXT(N21,"DD.MM.YYYY"))<TODAY(),"GECİKMİŞ",IF(DATEVALUE(TEXT(N21,"DD.MM.YYYY"))-TODAY()<=30,"30 GÜN İÇİNDE",IF(DATEVALUE(TEXT(N21,"DD.MM.YYYY"))-TODAY()<=90,"90 GÜN İÇİNDE","Takvimdeyiz")))),"Tarih Kontrol") -> Tarih Kontrol | Q21: Uygun | S21: UYGUN | T21: 09.10.2026
A22: T-020 | B22: Tank Listesİ | C22: Gümüş Tesisi | D22: 20.0 | E22: RECINE TANKI-4 | F22: 4.0 | G22: 115 | H22: ÜRE REÇİNESİ | I22: Ayaklı tank | K22: TS EN 12285 -2 / API- 510 | L22: Yıllık | M22: 2025-03-22 00:00:00 | N22: 2026-03-22 00:00:00 | O22: =IFERROR(IF(N22="","",DATEVALUE(TEXT(N22,"DD.MM.YYYY"))-TODAY()),"Tarih Yok") -> Tarih Yok | P22: =IFERROR(IF(N22="","Tarih Yok",IF(DATEVALUE(TEXT(N22,"DD.MM.YYYY"))<TODAY(),"GECİKMİŞ",IF(DATEVALUE(TEXT(N22,"DD.MM.YYYY"))-TODAY()<=30,"30 GÜN İÇİNDE",IF(DATEVALUE(TEXT(N22,"DD.MM.YYYY"))-TODAY()<=90,"90 GÜN İÇİNDE","Takvimdeyiz")))),"Tarih Kontrol") -> Tarih Kontrol | Q22: Uygun | S22: UYGUN | T22: 09.10.2026
A23: T-021 | B23: Tank Listesİ | C23: Gümüş Tesisi | D23: 21.0 | E23: RECINE TANKI-5 | F23: 5.0 | G23: 115 | H23: ÜRE REÇİNESİ | I23: Ayaklı tank | K23: TS EN 12285 -2 / API- 510 | L23: Yıllık | M23: 2025-03-22 00:00:00 | N23: 2026-03-22 00:00:00 | O23: =IFERROR(IF(N23="","",DATEVALUE(TEXT(N23,"DD.MM.YYYY"))-TODAY()),"Tarih Yok") -> Tarih Yok | P23: =IFERROR(IF(N23="","Tarih Yok",IF(DATEVALUE(TEXT(N23,"DD.MM.YYYY"))<TODAY(),"GECİKMİŞ",IF(DATEVALUE(TEXT(N23,"DD.MM.YYYY"))-TODAY()<=30,"30 GÜN İÇİNDE",IF(DATEVALUE(TEXT(N23,"DD.MM.YYYY"))-TODAY()<=90,"90 GÜN İÇİNDE","Takvimdeyiz")))),"Tarih Kontrol") -> Tarih Kontrol | Q23: Uygun | S23: UYGUN | T23: 09.10.2026
A24: T-022 | B24: Tank Listesİ | C24: Gümüş Tesisi | D24: 22.0 | E24: RECINE TANKI-8 | F24: 8.0 | G24: 115 | H24: ÜRE REÇİNESİ | I24: Ayaklı tank | K24: TS EN 12285 -2 / API- 510 | L24: Yıllık | M24: 2025-03-22 00:00:00 | N24: 2026-03-22 00:00:00 | O24: =IFERROR(IF(N24="","",DATEVALUE(TEXT(N24,"DD.MM.YYYY"))-TODAY()),"Tarih Yok") -> Tarih Yok | P24: =IFERROR(IF(N24="","Tarih Yok",IF(DATEVALUE(TEXT(N24,"DD.MM.YYYY"))<TODAY(),"GECİKMİŞ",IF(DATEVALUE(TEXT(N24,"DD.MM.YYYY"))-TODAY()<=30,"30 GÜN İÇİNDE",IF(DATEVALUE(TEXT(N24,"DD.MM.YYYY"))-TODAY()<=90,"90 GÜN İÇİNDE","Takvimdeyiz")))),"Tarih Kontrol") -> Tarih Kontrol | Q24: Uygun | S24: UYGUN | T24: 09.10.2026
A25: T-023 | B25: Tank Listesİ | C25: Gümüş Tesisi | D25: 23.0 | E25: RECINE TANKI-9 | F25: 9.0 | G25: 115 | H25: ÜRE REÇİNESİ | I25: Ayaklı tank | K25: TS EN 12285 -2 / API- 510 | L25: Yıllık | M25: 2025-03-22 00:00:00 | N25: 2026-03-22 00:00:00 | O25: =IFERROR(IF(N25="","",DATEVALUE(TEXT(N25,"DD.MM.YYYY"))-TODAY()),"Tarih Yok") -> Tarih Yok | P25: =IFERROR(IF(N25="","Tarih Yok",IF(DATEVALUE(TEXT(N25,"DD.MM.YYYY"))<TODAY(),"GECİKMİŞ",IF(DATEVALUE(TEXT(N25,"DD.MM.YYYY"))-TODAY()<=30,"30 GÜN İÇİNDE",IF(DATEVALUE(TEXT(N25,"DD.MM.YYYY"))-TODAY()<=90,"90 GÜN İÇİNDE","Takvimdeyiz")))),"Tarih Kontrol") -> Tarih Kontrol | Q25: Uygun | S25: UYGUN | T25: 09.10.2026
A26: T-024 | B26: Tank Listesİ | C26: Gümüş Tesisi | D26: 24.0 | E26: RECINE TANKI-10 | F26: 10.0 | G26: 115 | H26: ÜRE REÇİNESİ | I26: Ayaklı tank | K26: TS EN 12285 -2 / API- 510 | L26: Yıllık | M26: 2025-03-22 00:00:00 | N26: 2026-03-22 00:00:00 | O26: =IFERROR(IF(N26="","",DATEVALUE(TEXT(N26,"DD.MM.YYYY"))-TODAY()),"Tarih Yok") -> Tarih Yok | P26: =IFERROR(IF(N26="","Tarih Yok",IF(DATEVALUE(TEXT(N26,"DD.MM.YYYY"))<TODAY(),"GECİKMİŞ",IF(DATEVALUE(TEXT(N26,"DD.MM.YYYY"))-TODAY()<=30,"30 GÜN İÇİNDE",IF(DATEVALUE(TEXT(N26,"DD.MM.YYYY"))-TODAY()<=90,"90 GÜN İÇİNDE","Takvimdeyiz")))),"Tarih Kontrol") -> Tarih Kontrol | Q26: Uygun | S26: UYGUN | T26: 09.10.2026
A27: T-025 | B27: Tank Listesİ | C27: Gümüş Tesisi | D27: 25.0 | E27: RECINE TANKI-6 | F27: 6.0 | G27: 67 | H27: ÜRE REÇİNESİ | I27: Ayaklı tank | K27: TS EN 12285 -2 / API- 510 | L27: Yıllık | M27: 2025-03-22 00:00:00 | N27: 2026-03-22 00:00:00 | O27: =IFERROR(IF(N27="","",DATEVALUE(TEXT(N27,"DD.MM.YYYY"))-TODAY()),"Tarih Yok") -> Tarih Yok | P27: =IFERROR(IF(N27="","Tarih Yok",IF(DATEVALUE(TEXT(N27,"DD.MM.YYYY"))<TODAY(),"GECİKMİŞ",IF(DATEVALUE(TEXT(N27,"DD.MM.YYYY"))-TODAY()<=30,"30 GÜN İÇİNDE",IF(DATEVALUE(TEXT(N27,"DD.MM.YYYY"))-TODAY()<=90,"90 GÜN İÇİNDE","Takvimdeyiz")))),"Tarih Kontrol") -> Tarih Kontrol | Q27: Uygun | S27: UYGUN | T27: 09.10.2026
A28: T-026 | B28: Tank Listesİ | C28: Gümüş Tesisi | D28: 26.0 | E28: RECINE TANKI-7 | F28: 7.0 | G28: 67 | H28: ÜRE REÇİNESİ | I28: Ayaklı tank | K28: TS EN 12285 -2 / API- 510 | L28: Yıllık | M28: 2025-03-22 00:00:00 | N28: 2026-03-22 00:00:00 | O28: =IFERROR(IF(N28="","",DATEVALUE(TEXT(N28,"DD.MM.YYYY"))-TODAY()),"Tarih Yok") -> Tarih Yok | P28: =IFERROR(IF(N28="","Tarih Yok",IF(DATEVALUE(TEXT(N28,"DD.MM.YYYY"))<TODAY(),"GECİKMİŞ",IF(DATEVALUE(TEXT(N28,"DD.MM.YYYY"))-TODAY()<=30,"30 GÜN İÇİNDE",IF(DATEVALUE(TEXT(N28,"DD.MM.YYYY"))-TODAY()<=90,"90 GÜN İÇİNDE","Takvimdeyiz")))),"Tarih Kontrol") -> Tarih Kontrol | Q28: Uygun | S28: UYGUN | T28: 09.10.2026
A29: T-027 | B29: Tank Listesİ | C29: Gümüş Tesisi | D29: 27.0 | E29: FENOL FORMALDEHIT TANKI-11 | F29: 11.0 | G29: 53 | H29: FENOL REÇİNE | I29: Ayaksız tank | K29: TS EN 12285 -2 / API- 510 | L29: Out of service 10 yıl / İn Service 5 yıl | M29: 2025-03-28 00:00:00 | N29: 2030-03-27 00:00:00 | O29: =IFERROR(IF(N29="","",DATEVALUE(TEXT(N29,"DD.MM.YYYY"))-TODAY()),"Tarih Yok") -> Tarih Yok | P29: =IFERROR(IF(N29="","Tarih Yok",IF(DATEVALUE(TEXT(N29,"DD.MM.YYYY"))<TODAY(),"GECİKMİŞ",IF(DATEVALUE(TEXT(N29,"DD.MM.YYYY"))-TODAY()<=30,"30 GÜN İÇİNDE",IF(DATEVALUE(TEXT(N29,"DD.MM.YYYY"))-TODAY()<=90,"90 GÜN İÇİNDE","Takvimdeyiz")))),"Tarih Kontrol") -> Tarih Kontrol | Q29: Uygun | S29: UYGUN | T29: 09.10.2026
A30: T-028 | B30: Tank Listesİ | C30: Gümüş Tesisi | D30: 28.0 | E30: FENOL FORMALDEHIT TANKI-12 | F30: 12.0 | G30: 53 | H30: FENOL REÇİNE | I30: Ayaksız tank | K30: TS EN 12285 -2 / API- 510 | L30: Out of service 10 yıl / İn Service 5 yıl | M30: 2025-03-28 00:00:00 | N30: 2030-03-27 00:00:00 | O30: =IFERROR(IF(N30="","",DATEVALUE(TEXT(N30,"DD.MM.YYYY"))-TODAY()),"Tarih Yok") -> Tarih Yok | P30: =IFERROR(IF(N30="","Tarih Yok",IF(DATEVALUE(TEXT(N30,"DD.MM.YYYY"))<TODAY(),"GECİKMİŞ",IF(DATEVALUE(TEXT(N30,"DD.MM.YYYY"))-TODAY()<=30,"30 GÜN İÇİNDE",IF(DATEVALUE(TEXT(N30,"DD.MM.YYYY"))-TODAY()<=90,"90 GÜN İÇİNDE","Takvimdeyiz")))),"Tarih Kontrol") -> Tarih Kontrol | Q30: Uygun | S30: UYGUN | T30: 09.10.2026
... A33: T-031 | B33: Tank Listesİ | C33: Gümüş Tesisi | D33: 31.0 | E33: ALX TANKI | F33: 15.0 | G33: 20 | H33: ÜRE REÇİNESİ | I33: Ayaklı tank | K33: TS EN 12285 -2 / API- 510 | L33: Yıllık | M33: 2025-09-03 00:00:00 | N33: 2026-09-03 00:00:00 | O33: =IFERROR(IF(N33="","",DATEVALUE(TEXT(N33,"DD.MM.YYYY"))-TODAY()),"Tarih Yok") -> Tarih Yok | P33: =IFERROR(IF(N33="","Tarih Yok",IF(DATEVALUE(TEXT(N33,"DD.MM.YYYY"))<TODAY(),"GECİKMİŞ",IF(DATEVALUE(TEXT(N33,"DD.MM.YYYY"))-TODAY()<=30,"30 GÜN İÇİNDE",IF(DATEVALUE(TEXT(N33,"DD.MM.YYYY"))-TODAY()<=90,"90 GÜN İÇİNDE","Takvimdeyiz")))),"Tarih Kontrol") -> Tarih Kontrol | Q33: Kullanım Dışı /Uygun | S33: ANKRAJ VE KORKULUKLARA BAKIM ONARIM VE KUMLAMA BOYA GEREKLİDİR. | T33: 09.10.2026
A34: T-032 | B34: Tank Listesİ | C34: Gümüş Tesisi | D34: 32.0 | E34: AFS TANKI | G34: 23 | H34: AFS | I34: Ayaklı tank | K34: TS EN 12285 -2 / API- 510 | L34: Yıllık | M34: 2025-09-03 00:00:00 | N34: 2026-08-28 00:00:00 | O34: =IFERROR(IF(N34="","",DATEVALUE(TEXT(N34,"DD.MM.YYYY"))-TODAY()),"Tarih Yok") -> Tarih Yok | P34: =IFERROR(IF(N34="","Tarih Yok",IF(DATEVALUE(TEXT(N34,"DD.MM.YYYY"))<TODAY(),"GECİKMİŞ",IF(DATEVALUE(TEXT(N34,"DD.MM.YYYY"))-TODAY()<=30,"30 GÜN İÇİNDE",IF(DATEVALUE(TEXT(N34,"DD.MM.YYYY"))-TODAY()<=90,"90 GÜN İÇİNDE","Takvimdeyiz")))),"Tarih Kontrol") -> Tarih Kontrol | Q34: Uygun | S34: UYGUN | T34: 09.10.2026
A35: T-033 | B35: Tank Listesİ | C35: Gümüş Tesisi | D35: 33.0 | E35: ADBLUE-1 (AUS 32) | F35: 1.0 | G35: 60 | H35: ADBLUE(AUS 32) | I35: Ayaksız tank | K35: TS EN 12285 -2 / API- 510 | L35: Yıllık | M35: 25.08.2025 API 653 | N35: 2030-08-28 00:00:00 | O35: =IFERROR(IF(N35="","",DATEVALUE(TEXT(N35,"DD.MM.YYYY"))-TODAY()),"Tarih Yok") -> Tarih Yok | P35: =IFERROR(IF(N35="","Tarih Yok",IF(DATEVALUE(TEXT(N35,"DD.MM.YYYY"))<TODAY(),"GECİKMİŞ",IF(DATEVALUE(TEXT(N35,"DD.MM.YYYY"))-TODAY()<=30,"30 GÜN İÇİNDE",IF(DATEVALUE(TEXT(N35,"DD.MM.YYYY"))-TODAY()<=90,"90 GÜN İÇİNDE","Takvimdeyiz")))),"Tarih Kontrol") -> Tarih Kontrol | Q35: Uygun | S35: TANK KORKULUK VE MERDİVENLER KUMLAMA BOYA YAPILMASI GEREKLİ | T35: 09.10.2026
A36: T-034 | B36: Tank Listesİ | C36: Gümüş Tesisi | D36: 34.0 | E36: ADBLUE-2 (AUS 32) | F36: 2.0 | G36: 60 | H36: ADBLUE(AUS 32) | I36: Ayaksız tank | K36: TS EN 12285 -2 / API- 510 | L36: Yıllık | M36: 25.08.2025 API 653 | N36: 2030-08-28 00:00:00 | O36: =IFERROR(IF(N36="","",DATEVALUE(TEXT(N36,"DD.MM.YYYY"))-TODAY()),"Tarih Yok") -> Tarih Yok | P36: =IFERROR(IF(N36="","Tarih Yok",IF(DATEVALUE(TEXT(N36,"DD.MM.YYYY"))<TODAY(),"GECİKMİŞ",IF(DATEVALUE(TEXT(N36,"DD.MM.YYYY"))-TODAY()<=30,"30 GÜN İÇİNDE",IF(DATEVALUE(TEXT(N36,"DD.MM.YYYY"))-TODAY()<=90,"90 GÜN İÇİNDE","Takvimdeyiz")))),"Tarih Kontrol") -> Tarih Kontrol | Q36: Uygun | S36: TANK KORKULUK VE MERDİVENLER KUMLAMA BOYA YAPILMASI GEREKLİ | T36: 09.10.2026
A37: T-035 | B37: Tank Listesİ | C37: Gümüş Tesisi | D37: 35.0 | E37: HAMMADDE TANKI -1 ST 70 m3 | F37: 1.0 | G37: 75 | H37: SODYUM LİGNİN LİKİT KİMYA | I37: Ayaksız tank | K37: API 653 | L37: Out of service 10 yıl / İn Service 5 yıl | M37: 16.04.2025 API 653 | N37: 2030-04-15 00:00:00 | O37: =IFERROR(IF(N37="","",DATEVALUE(TEXT(N37,"DD.MM.YYYY"))-TODAY()),"Tarih Yok") -> Tarih Yok | P37: =IFERROR(IF(N37="","Tarih Yok",IF(DATEVALUE(TEXT(N37,"DD.MM.YYYY"))<TODAY(),"GECİKMİŞ",IF(DATEVALUE(TEXT(N37,"DD.MM.YYYY"))-TODAY()<=30,"30 GÜN İÇİNDE",IF(DATEVALUE(TEXT(N37,"DD.MM.YYYY"))-TODAY()<=90,"90 GÜN İÇİNDE","Takvimdeyiz")))),"Tarih Kontrol") -> Tarih Kontrol | Q37: Uygun | S37: MENHOL KUMLAMA BOYA + TAVAN KORKULUKLARI VE ALT SÜPÜRGELİKLERİ YOK. | T37: 09.10.2026
A38: T-036 | B38: Tank Listesİ | C38: Gümüş Tesisi | D38: 36.0 | E38: HAMMADDE TANKI -2 ST 70 m3 | F38: 2.0 | G38: 75 | H38: SODYUM LİGNİN LİKİT KİMYA | I38: Ayaksız tank | K38: API 653 | L38: Out of service 10 yıl / İn Service 5 yıl | M38: 16.04.2025 API 653 | N38: 2030-04-15 00:00:00 | O38: =IFERROR(IF(N38="","",DATEVALUE(TEXT(N38,"DD.MM.YYYY"))-TODAY()),"Tarih Yok") -> Tarih Yok | P38: =IFERROR(IF(N38="","Tarih Yok",IF(DATEVALUE(TEXT(N38,"DD.MM.YYYY"))<TODAY(),"GECİKMİŞ",IF(DATEVALUE(TEXT(N38,"DD.MM.YYYY"))-TODAY()<=30,"30 GÜN İÇİNDE",IF(DATEVALUE(TEXT(N38,"DD.MM.YYYY"))-TODAY()<=90,"90 GÜN İÇİNDE","Takvimdeyiz")))),"Tarih Kontrol") -> Tarih Kontrol | Q38: Uygun | S38: TAVAN KORKULUKLARI VE ALT SÜPÜRGELİKLERİ YOK. | T38: 09.10.2026
A39: T-037 | B39: Tank Listesİ | C39: Gümüş Tesisi | D39: 37.0 | E39: HAMMADDE TANKI -3 ST 70 m3 | F39: 3.0 | G39: 75 | H39: KALSİYUM LİGNİN %50 | I39: Ayaksız tank | K39: API 653 | L39: Out of service 10 yıl / İn Service 5 yıl | M39: 16.04.2025 API 653 | N39: 2030-04-15 00:00:00 | O39: =IFERROR(IF(N39="","",DATEVALUE(TEXT(N39,"DD.MM.YYYY"))-TODAY()),"Tarih Yok") -> Tarih Yok | P39: =IFERROR(IF(N39="","Tarih Yok",IF(DATEVALUE(TEXT(N39,"DD.MM.YYYY"))<TODAY(),"GECİKMİŞ",IF(DATEVALUE(TEXT(N39,"DD.MM.YYYY"))-TODAY()<=30,"30 GÜN İÇİNDE",IF(DATEVALUE(TEXT(N39,"DD.MM.YYYY"))-TODAY()<=90,"90 GÜN İÇİNDE","Takvimdeyiz")))),"Tarih Kontrol") -> Tarih Kontrol | Q39: Uygun | S39: TAVAN KORKULUKLARI VE ALT SÜPÜRGELİKLERİ YOK. | T39: 09.10.2026
A40: T-038 | B40: Tank Listesİ | C40: Gümüş Tesisi | D40: 38.0 | E40: HAMMADDE TANKI -4 ST 70 m3 | F40: 4.0 | G40: 75 | H40: SODYUM LİGNİN LİKİT KİMYA | I40: Ayaksız tank | K40: API 653 | L40: Out of service 10 yıl / İn Service 5 yıl | M40: 16.04.2025 API 653 | N40: 2030-04-15 00:00:00 | O40: =IFERROR(IF(N40="","",DATEVALUE(TEXT(N40,"DD.MM.YYYY"))-TODAY()),"Tarih Yok") -> Tarih Yok | P40: =IFERROR(IF(N40="","Tarih Yok",IF(DATEVALUE(TEXT(N40,"DD.MM.YYYY"))<TODAY(),"GECİKMİŞ",IF(DATEVALUE(TEXT(N40,"DD.MM.YYYY"))-TODAY()<=30,"30 GÜN İÇİNDE",IF(DATEVALUE(TEXT(N40,"DD.MM.YYYY"))-TODAY()<=90,"90 GÜN İÇİNDE","Takvimdeyiz")))),"Tarih Kontrol") -> Tarih Kontrol | Q40: Uygun | S40: TAVAN KORKULUKLARI VE ALT SÜPÜRGELİKLERİ YOK. | T40: 09.10.2026
A41: T-039 | B41: Tank Listesİ | C41: Gümüş Tesisi | D41: 39.0 | E41: HAMMADDE TANKI -11 ST 55 m3 | F41: 11.0 | G41: 61.5 | H41: SODYUM NAFTALİN MKS | I41: Ayaklı tank | K41: TS EN 12285 -2 / API- 510 | L41: Yıllık | M41: 2025-04-01 00:00:00 | N41: 2026-04-14 00:00:00 | O41: =IFERROR(IF(N41="","",DATEVALUE(TEXT(N41,"DD.MM.YYYY"))-TODAY()),"Tarih Yok") -> Tarih Yok | P41: =IFERROR(IF(N41="","Tarih Yok",IF(DATEVALUE(TEXT(N41,"DD.MM.YYYY"))<TODAY(),"GECİKMİŞ",IF(DATEVALUE(TEXT(N41,"DD.MM.YYYY"))-TODAY()<=30,"30 GÜN İÇİNDE",IF(DATEVALUE(TEXT(N41,"DD.MM.YYYY"))-TODAY()<=90,"90 GÜN İÇİNDE","Takvimdeyiz")))),"Tarih Kontrol") -> Tarih Kontrol | Q41: Uygun | S41: TAVAN KORKULUKLARI VE ALT SÜPÜRGELİKLERİ YOK. | T41: 09.10.2026
A42: T-040 | B42: Tank Listesİ | C42: Gümüş Tesisi | D42: 40.0 | E42: HAMMADDE TANKI -12 ST 55 m3 | F42: 12.0 | G42: 61.5 | H42: TIPA | I42: Ayaklı tank | K42: TS EN 12285 -2 / API- 510 | L42: Yıllık | M42: 2025-04-01 00:00:00 | N42: 2026-04-14 00:00:00 | O42: =IFERROR(IF(N42="","",DATEVALUE(TEXT(N42,"DD.MM.YYYY"))-TODAY()),"Tarih Yok") -> Tarih Yok | P42: =IFERROR(IF(N42="","Tarih Yok",IF(DATEVALUE(TEXT(N42,"DD.MM.YYYY"))<TODAY(),"GECİKMİŞ",IF(DATEVALUE(TEXT(N42,"DD.MM.YYYY"))-TODAY()<=30,"30 GÜN İÇİNDE",IF(DATEVALUE(TEXT(N42,"DD.MM.YYYY"))-TODAY()<=90,"90 GÜN İÇİNDE","Takvimdeyiz")))),"Tarih Kontrol") -> Tarih Kontrol | Q42: Uygun | S42: TAVAN KORKULUKLARI VE ALT SÜPÜRGELİKLERİ YOK. | T42: 09.10.2026
A43: T-041 | B43: Tank Listesİ | C43: Gümüş Tesisi | D43: 41.0 | E43: HAMMADDE TANKI -13 ST 55 m3 | F43: 13.0 | G43: 61.5 | H43: MAGNEZYUM LİGNİN SULF. | I43: Ayaklı tank | K43: TS EN 12285 -2 / API- 510 | L43: Yıllık | M43: 2025-04-01 00:00:00 | N43: 2026-04-14 00:00:00 | O43: =IFERROR(IF(N43="","",DATEVALUE(TEXT(N43,"DD.MM.YYYY"))-TODAY()),"Tarih Yok") -> Tarih Yok | P43: =IFERROR(IF(N43="","Tarih Yok",IF(DATEVALUE(TEXT(N43,"DD.MM.YYYY"))<TODAY(),"GECİKMİŞ",IF(DATEVALUE(TEXT(N43,"DD.MM.YYYY"))-TODAY()<=30,"30 GÜN İÇİNDE",IF(DATEVALUE(TEXT(N43,"DD.MM.YYYY"))-TODAY()<=90,"90 GÜN İÇİNDE","Takvimdeyiz")))),"Tarih Kontrol") -> Tarih Kontrol | Q43: Uygun | S43: TAVAN KORKULUKLARI VE ALT SÜPÜRGELİKLERİ YOK. | T43: 09.10.2026
A44: T-042 | B44: Tank Listesİ | C44: Gümüş Tesisi | D44: 42.0 | E44: HAMMADDE TANKI -14 ST 55 m3 | F44: 14.0 | G44: 61.5 | H44: SODYUM NAFTALİN MKS | I44: Ayaklı tank | K44: TS EN 12285 -2 / API- 510 | L44: Yıllık | M44: 2025-04-01 00:00:00 | N44: 2026-04-14 00:00:00 | O44: =IFERROR(IF(N44="","",DATEVALUE(TEXT(N44,"DD.MM.YYYY"))-TODAY()),"Tarih Yok") -> Tarih Yok | P44: =IFERROR(IF(N44="","Tarih Yok",IF(DATEVALUE(TEXT(N44,"DD.MM.YYYY"))<TODAY(),"GECİKMİŞ",IF(DATEVALUE(TEXT(N44,"DD.MM.YYYY"))-TODAY()<=30,"30 GÜN İÇİNDE",IF(DATEVALUE(TEXT(N44,"DD.MM.YYYY"))-TODAY()<=90,"90 GÜN İÇİNDE","Takvimdeyiz")))),"Tarih Kontrol") -> Tarih Kontrol | Q44: Uygun | S44: TAVAN KORKULUKLARI VE ALT SÜPÜRGELİKLERİ YOK. | T44: 09.10.2026
A45: T-043 | B45: Tank Listesİ | C45: Gümüş Tesisi | D45: 43.0 | E45: HAMMADDE TANKI -15 ST 55 m3 | F45: 15.0 | G45: 61.5 | H45: VAMCOL SUPA 700 | I45: Ayaklı tank | K45: TS EN 12285 -2 / API- 510 | L45: Yıllık | M45: 2025-04-01 00:00:00 | N45: 2026-04-14 00:00:00 | O45: =IFERROR(IF(N45="","",DATEVALUE(TEXT(N45,"DD.MM.YYYY"))-TODAY()),"Tarih Yok") -> Tarih Yok | P45: =IFERROR(IF(N45="","Tarih Yok",IF(DATEVALUE(TEXT(N45,"DD.MM.YYYY"))<TODAY(),"GECİKMİŞ",IF(DATEVALUE(TEXT(N45,"DD.MM.YYYY"))-TODAY()<=30,"30 GÜN İÇİNDE",IF(DATEVALUE(TEXT(N45,"DD.MM.YYYY"))-TODAY()<=90,"90 GÜN İÇİNDE","Takvimdeyiz")))),"Tarih Kontrol") -> Tarih Kontrol | Q45: Uygun | S45: TAVAN KORKULUKLARI VE ALT SÜPÜRGELİKLERİ YOK. | T45: 09.10.2026
A46: T-044 | B46: Tank Listesİ | C46: Gümüş Tesisi | D46: 44.0 | E46: HAMMADDE TANKI -16 ST 55 m3 | F46: 16.0 | G46: 61.5 | H46: MELAS | I46: Ayaklı tank | K46: TS EN 12285 -2 / API- 510 | L46: Yıllık | M46: 2025-04-01 00:00:00 | N46: 2026-04-14 00:00:00 | O46: =IFERROR(IF(N46="","",DATEVALUE(TEXT(N46,"DD.MM.YYYY"))-TODAY()),"Tarih Yok") -> Tarih Yok | P46: =IFERROR(IF(N46="","Tarih Yok",IF(DATEVALUE(TEXT(N46,"DD.MM.YYYY"))<TODAY(),"GECİKMİŞ",IF(DATEVALUE(TEXT(N46,"DD.MM.YYYY"))-TODAY()<=30,"30 GÜN İÇİNDE",IF(DATEVALUE(TEXT(N46,"DD.MM.YYYY"))-TODAY()<=90,"90 GÜN İÇİNDE","Takvimdeyiz")))),"Tarih Kontrol") -> Tarih Kontrol | Q46: Uygun | S46: TAVAN KORKULUKLARI VE ALT SÜPÜRGELİKLERİ YOK. | T46: 09.10.2026
... A51: T-049 | B51: Tank Listesİ | C51: Gümüş Tesisi | D51: 49.0 | E51: MAMUL TANKI -4 ST 70 m3 | F51: 4.0 | G51: 75 | H51: POLİCON SR 6 | I51: Ayaksız tank | K51: API 653 | L51: Out of service 10 yıl / İn Service 5 yıl | M51: 2025-04-01 00:00:00 | N51: 2030-04-01 00:00:00 | O51: =IFERROR(IF(N51="","",DATEVALUE(TEXT(N51,"DD.MM.YYYY"))-TODAY()),"Tarih Yok") -> Tarih Yok | P51: =IFERROR(IF(N51="","Tarih Yok",IF(DATEVALUE(TEXT(N51,"DD.MM.YYYY"))<TODAY(),"GECİKMİŞ",IF(DATEVALUE(TEXT(N51,"DD.MM.YYYY"))-TODAY()<=30,"30 GÜN İÇİNDE",IF(DATEVALUE(TEXT(N51,"DD.MM.YYYY"))-TODAY()<=90,"90 GÜN İÇİNDE","Takvimdeyiz")))),"Tarih Kontrol") -> Tarih Kontrol | Q51: Uygun | S51: TAVAN KORKULUKLARI VE ALT SÜPÜRGELİKLERİ YOK. | T51: 09.10.2026
A52: T-050 | B52: Tank Listesİ | C52: Gümüş Tesisi | D52: 52.0 | E52: ALKİLLENMİŞ MELAMİN TANKI | G52: 40 | H52: ALKİLLENMİŞ MELAMİN | I52: Ayaklı tank | K52: TS EN 12285 -2 / API- 512 | L52: Yıllık | M52: 25.08.2025 TS EN 12285 -2 | N52: 2026-08-28 00:00:00 | O52: =IFERROR(IF(N52="","",DATEVALUE(TEXT(N52,"DD.MM.YYYY"))-TODAY()),"Tarih Yok") -> Tarih Yok | P52: =IFERROR(IF(N52="","Tarih Yok",IF(DATEVALUE(TEXT(N52,"DD.MM.YYYY"))<TODAY(),"GECİKMİŞ",IF(DATEVALUE(TEXT(N52,"DD.MM.YYYY"))-TODAY()<=30,"30 GÜN İÇİNDE",IF(DATEVALUE(TEXT(N52,"DD.MM.YYYY"))-TODAY()<=90,"90 GÜN İÇİNDE","Takvimdeyiz")))),"Tarih Kontrol") -> Tarih Kontrol | Q52: Uygun | S52: UYGUN | T52: 09.10.2026
A53: T-051 | B53: Tank Listesİ | C53: Gümüş Tesisi | D53: 53.0 | E53: T102-1 DESTİLAT | F53: 102.1 | G53: 4 | H53: DESTİLAT | I53: Ayaklı tank | K53: TS EN 12285 -2 / API- 513 | L53: Yıllık | M53: 25.08.2025 TS EN 12285 -2 | N53: 2026-08-28 00:00:00 | O53: =IFERROR(IF(N53="","",DATEVALUE(TEXT(N53,"DD.MM.YYYY"))-TODAY()),"Tarih Yok") -> Tarih Yok | P53: =IFERROR(IF(N53="","Tarih Yok",IF(DATEVALUE(TEXT(N53,"DD.MM.YYYY"))<TODAY(),"GECİKMİŞ",IF(DATEVALUE(TEXT(N53,"DD.MM.YYYY"))-TODAY()<=30,"30 GÜN İÇİNDE",IF(DATEVALUE(TEXT(N53,"DD.MM.YYYY"))-TODAY()<=90,"90 GÜN İÇİNDE","Takvimdeyiz")))),"Tarih Kontrol") -> Tarih Kontrol | Q53: Uygun | S53: UYGUN | T53: 09.10.2026
A54: T-052 | B54: Tank Listesİ | C54: Gümüş Tesisi | D54: 54.0 | E54: VAKUM SUYU BESLEME TANKI | G54: 4 | H54: ISU SUYU | I54: Ayaklı tank | K54: TS EN 12285 -2 / API- 514 | L54: Yıllık | M54: 25.08.2025 TS EN 12285 -2 | N54: 2026-08-28 00:00:00 | O54: =IFERROR(IF(N54="","",DATEVALUE(TEXT(N54,"DD.MM.YYYY"))-TODAY()),"Tarih Yok") -> Tarih Yok | P54: =IFERROR(IF(N54="","Tarih Yok",IF(DATEVALUE(TEXT(N54,"DD.MM.YYYY"))<TODAY(),"GECİKMİŞ",IF(DATEVALUE(TEXT(N54,"DD.MM.YYYY"))-TODAY()<=30,"30 GÜN İÇİNDE",IF(DATEVALUE(TEXT(N54,"DD.MM.YYYY"))-TODAY()<=90,"90 GÜN İÇİNDE","Takvimdeyiz")))),"Tarih Kontrol") -> Tarih Kontrol | Q54: Uygun | S54: UYGUN | T54: 09.10.2026
A55: T-053 | B55: Tank Listesİ | C55: Gümüş Tesisi | D55: 55.0 | E55: CHILLER TANKI | G55: 15 | H55: CHİLLER SUYU | I55: Ayaklı tank | K55: TS EN 12285 -2 / API- 515 | L55: Yıllık | M55: 2025-09-03 00:00:00 | N55: 2026-09-02 00:00:00 | O55: =IFERROR(IF(N55="","",DATEVALUE(TEXT(N55,"DD.MM.YYYY"))-TODAY()),"Tarih Yok") -> Tarih Yok | P55: =IFERROR(IF(N55="","Tarih Yok",IF(DATEVALUE(TEXT(N55,"DD.MM.YYYY"))<TODAY(),"GECİKMİŞ",IF(DATEVALUE(TEXT(N55,"DD.MM.YYYY"))-TODAY()<=30,"30 GÜN İÇİNDE",IF(DATEVALUE(TEXT(N55,"DD.MM.YYYY"))-TODAY()<=90,"90 GÜN İÇİNDE","Takvimdeyiz")))),"Tarih Kontrol") -> Tarih Kontrol | Q55: Uygun | S55: ANKRAJ PLAKALARI SABİTLENMELİDİR. | T55: 09.10.2026
A56: T-054 | B56: Tank Listesİ | C56: Gümüş Tesisi | D56: 65.0 | E56: T101-1 DESTİLAT | F56: 101.1 | G56: 4 | H56: DESTİLAT | I56: Ayaklı tank | K56: TS EN 12285 -2 / API- 513 | L56: Yıllık | O56: =IFERROR(IF(N56="","",DATEVALUE(TEXT(N56,"DD.MM.YYYY"))-TODAY()),"Tarih Yok") | P56: =IFERROR(IF(N56="","Tarih Yok",IF(DATEVALUE(TEXT(N56,"DD.MM.YYYY"))<TODAY(),"GECİKMİŞ",IF(DATEVALUE(TEXT(N56,"DD.MM.YYYY"))-TODAY()<=30,"30 GÜN İÇİNDE",IF(DATEVALUE(TEXT(N56,"DD.MM.YYYY"))-TODAY()<=90,"90 GÜN İÇİNDE","Takvimdeyiz")))),"Tarih Kontrol") -> Tarih Yok | S56: DAHA ÖNCE KONTROL YAPILMADI. MENHOL ENTEGRASYONLARI DEVAM ETMEKTEDİR. | T56: 09.10.2026
A57: T-055 | B57: Tank Listesİ | C57: Gümüş Tesisi | D57: 66.0 | E57: T103-1 DESTİLAT | F57: 103.1 | G57: 4 | H57: DESTİLAT | I57: Ayaklı tank | K57: TS EN 12285 -2 / API- 513 | L57: Yıllık | O57: =IFERROR(IF(N57="","",DATEVALUE(TEXT(N57,"DD.MM.YYYY"))-TODAY()),"Tarih Yok") | P57: =IFERROR(IF(N57="","Tarih Yok",IF(DATEVALUE(TEXT(N57,"DD.MM.YYYY"))<TODAY(),"GECİKMİŞ",IF(DATEVALUE(TEXT(N57,"DD.MM.YYYY"))-TODAY()<=30,"30 GÜN İÇİNDE",IF(DATEVALUE(TEXT(N57,"DD.MM.YYYY"))-TODAY()<=90,"90 GÜN İÇİNDE","Takvimdeyiz")))),"Tarih Kontrol") -> Tarih Yok | S57: DAHA ÖNCE KONTROL YAPILMADI. MENHOL ENTEGRASYONLARI DEVAM ETMEKTEDİR. | T57: 09.10.2026
A58: T-056 | B58: Tank Listesİ | C58: Gümüş Tesisi | D58: 67.0 | E58: T104-1 DESTİLAT | F58: 104.1 | G58: 4 | H58: DESTİLAT | I58: Ayaklı tank | K58: TS EN 12285 -2 / API- 513 | L58: Yıllık | O58: =IFERROR(IF(N58="","",DATEVALUE(TEXT(N58,"DD.MM.YYYY"))-TODAY()),"Tarih Yok") | P58: =IFERROR(IF(N58="","Tarih Yok",IF(DATEVALUE(TEXT(N58,"DD.MM.YYYY"))<TODAY(),"GECİKMİŞ",IF(DATEVALUE(TEXT(N58,"DD.MM.YYYY"))-TODAY()<=30,"30 GÜN İÇİNDE",IF(DATEVALUE(TEXT(N58,"DD.MM.YYYY"))-TODAY()<=90,"90 GÜN İÇİNDE","Takvimdeyiz")))),"Tarih Kontrol") -> Tarih Yok | S58: DAHA ÖNCE KONTROL YAPILMADI. MENHOL ENTEGRASYONLARI DEVAM ETMEKTEDİR. | T58: 09.10.2026
A59: T-057 | B59: Tank Listesİ | C59: Gümüş Tesisi | D59: 68.0 | E59: T105-1 DESTİLAT | F59: 105.1 | G59: 4 | H59: DESTİLAT | I59: Ayaklı tank | K59: TS EN 12285 -2 / API- 513 | L59: Yıllık | O59: =IFERROR(IF(N59="","",DATEVALUE(TEXT(N59,"DD.MM.YYYY"))-TODAY()),"Tarih Yok") | P59: =IFERROR(IF(N59="","Tarih Yok",IF(DATEVALUE(TEXT(N59,"DD.MM.YYYY"))<TODAY(),"GECİKMİŞ",IF(DATEVALUE(TEXT(N59,"DD.MM.YYYY"))-TODAY()<=30,"30 GÜN İÇİNDE",IF(DATEVALUE(TEXT(N59,"DD.MM.YYYY"))-TODAY()<=90,"90 GÜN İÇİNDE","Takvimdeyiz")))),"Tarih Kontrol") -> Tarih Yok | S59: DAHA ÖNCE KONTROL YAPILMADI. MENHOL ENTEGRASYONLARI DEVAM ETMEKTEDİR. | T59: 09.10.2026
A60: T-058 | B60: Tank Listesİ | C60: Gümüş Tesisi | D60: 69.0 | E60: T106-1 DESTİLAT | F60: 106.1 | G60: 4 | H60: DESTİLAT | I60: Ayaklı tank | K60: TS EN 12285 -2 / API- 513 | L60: Yıllık | O60: =IFERROR(IF(N60="","",DATEVALUE(TEXT(N60,"DD.MM.YYYY"))-TODAY()),"Tarih Yok") | P60: =IFERROR(IF(N60="","Tarih Yok",IF(DATEVALUE(TEXT(N60,"DD.MM.YYYY"))<TODAY(),"GECİKMİŞ",IF(DATEVALUE(TEXT(N60,"DD.MM.YYYY"))-TODAY()<=30,"30 GÜN İÇİNDE",IF(DATEVALUE(TEXT(N60,"DD.MM.YYYY"))-TODAY()<=90,"90 GÜN İÇİNDE","Takvimdeyiz")))),"Tarih Kontrol") -> Tarih Yok | S60: DAHA ÖNCE KONTROL YAPILMADI. MENHOL ENTEGRASYONLARI DEVAM ETMEKTEDİR. | T60: 09.10.2026
A61: T-059 | B61: ADR Tank Sahası | C61: ADR Tank Sahası | D61: 1.0 | E61: ANA KOSTIK TANKI | F61: 703 | G61: 64 | H61: KOSTİK | I61: Ayaklı tank | K61: TS EN 12285 -2 / API- 510 | L61: Yıllık | M61: 2025-03-24 00:00:00 | N61: 2026-03-24 00:00:00 | O61: =IFERROR(IF(N61="","",DATEVALUE(TEXT(N61,"DD.MM.YYYY"))-TODAY()),"Tarih Yok") -> Tarih Yok | P61: =IFERROR(IF(N61="","Tarih Yok",IF(DATEVALUE(TEXT(N61,"DD.MM.YYYY"))<TODAY(),"GECİKMİŞ",IF(DATEVALUE(TEXT(N61,"DD.MM.YYYY"))-TODAY()<=30,"30 GÜN İÇİNDE",IF(DATEVALUE(TEXT(N61,"DD.MM.YYYY"))-TODAY()<=90,"90 GÜN İÇİNDE","Takvimdeyiz")))),"Tarih Kontrol") -> Tarih Kontrol | Q61: Uygun | S61: UYGUN | T61: 09.10.2026
A62: T-060 | B62: ADR Tank Sahası | C62: ADR Tank Sahası | D62: 2.0 | E62: UFC+FA GEÇİŞ TANKI | F62: 602 | G62: 110 | H62: UFC | I62: Ayaklı tank | K62: TS EN 12285 -2 / API- 510 | L62: Yıllık | M62: 2025-04-08 00:00:00 | N62: 2026-04-08 00:00:00 | O62: =IFERROR(IF(N62="","",DATEVALUE(TEXT(N62,"DD.MM.YYYY"))-TODAY()),"Tarih Yok") -> Tarih Yok | P62: =IFERROR(IF(N62="","Tarih Yok",IF(DATEVALUE(TEXT(N62,"DD.MM.YYYY"))<TODAY(),"GECİKMİŞ",IF(DATEVALUE(TEXT(N62,"DD.MM.YYYY"))-TODAY()<=30,"30 GÜN İÇİNDE",IF(DATEVALUE(TEXT(N62,"DD.MM.YYYY"))-TODAY()<=90,"90 GÜN İÇİNDE","Takvimdeyiz")))),"Tarih Kontrol") -> Tarih Kontrol | Q62: Uygun | S62: TAVAN KORKULUKLARI REVİZYON GEREKLİ | T62: 09.10.2026
A63: T-061 | B63: ADR Tank Sahası | C63: ADR Tank Sahası | D63: 3.0 | E63: FORMALDEHİT TANKI | F63: 201 | G63: 270 | H63: FORMALDEHİT | I63: Ayaksız tank | K63: API- 653 | L63: Out of service 10 yıl / İn Service 5 yıl | M63: 2018-07-01 00:00:00 | N63: 2023-07-01 00:00:00 | O63: =IFERROR(IF(N63="","",DATEVALUE(TEXT(N63,"DD.MM.YYYY"))-TODAY()),"Tarih Yok") -> Tarih Yok | P63: =IFERROR(IF(N63="","Tarih Yok",IF(DATEVALUE(TEXT(N63,"DD.MM.YYYY"))<TODAY(),"GECİKMİŞ",IF(DATEVALUE(TEXT(N63,"DD.MM.YYYY"))-TODAY()<=30,"30 GÜN İÇİNDE",IF(DATEVALUE(TEXT(N63,"DD.MM.YYYY"))-TODAY()<=90,"90 GÜN İÇİNDE","Takvimdeyiz")))),"Tarih Kontrol") -> Tarih Kontrol | Q63: Uygun Değil | S63: Sadece inservice raporu bulunmaktadır. Out of sevice raporu da olmalıdır. Bu sebeple uygunsuzdur. | T63: 09.10.2026
A64: T-062 | B64: ADR Tank Sahası | C64: ADR Tank Sahası | D64: 4.0 | E64: FORMALDEHIT TANKI-2 | F64: 301 | G64: 289 | H64: UFC | I64: Ayaksız tank | K64: API- 653 | L64: Out of service 10 yıl / İn Service 5 yıl | M64: 2020-01-01 00:00:00 | N64: 2025-01-01 00:00:00 | O64: =IFERROR(IF(N64="","",DATEVALUE(TEXT(N64,"DD.MM.YYYY"))-TODAY()),"Tarih Yok") -> Tarih Yok | P64: =IFERROR(IF(N64="","Tarih Yok",IF(DATEVALUE(TEXT(N64,"DD.MM.YYYY"))<TODAY(),"GECİKMİŞ",IF(DATEVALUE(TEXT(N64,"DD.MM.YYYY"))-TODAY()<=30,"30 GÜN İÇİNDE",IF(DATEVALUE(TEXT(N64,"DD.MM.YYYY"))-TODAY()<=90,"90 GÜN İÇİNDE","Takvimdeyiz")))),"Tarih Kontrol") -> Tarih Kontrol | Q64: Uygun Değil | S64: Sadece inservice raporu bulunmaktadır. Out of sevice raporu da olmalıdır. Bu sebeple uygunsuzdur. | T64: 09.10.2026
A65: T-063 | B65: ADR Tank Sahası | C65: ADR Tank Sahası | D65: 5.0 | E65: FORMALDEHIT TANKI-3 | F65: 302 | G65: 289 | H65: FORMALDEHİT | I65: Ayaksız tank | K65: API- 653 | L65: Out of service 10 yıl / İn Service 5 yıl | M65: 2018-07-01 00:00:00 | N65: 2023-07-01 00:00:00 | O65: =IFERROR(IF(N65="","",DATEVALUE(TEXT(N65,"DD.MM.YYYY"))-TODAY()),"Tarih Yok") -> Tarih Yok | P65: =IFERROR(IF(N65="","Tarih Yok",IF(DATEVALUE(TEXT(N65,"DD.MM.YYYY"))<TODAY(),"GECİKMİŞ",IF(DATEVALUE(TEXT(N65,"DD.MM.YYYY"))-TODAY()<=30,"30 GÜN İÇİNDE",IF(DATEVALUE(TEXT(N65,"DD.MM.YYYY"))-TODAY()<=90,"90 GÜN İÇİNDE","Takvimdeyiz")))),"Tarih Kontrol") -> Tarih Kontrol | Q65: Uygun Değil | S65: Sadece inservice raporu bulunmaktadır. Out of sevice raporu da olmalıdır. Bu sebeple uygunsuzdur. | T65: 09.10.2026
A66: T-064 | B66: ADR Tank Sahası | C66: ADR Tank Sahası | D66: 6.0 | E66: FORMALDEHIT TANKI-4 | F66: 501 | G66: 510 | H66: UFC | I66: Ayaksız tank | K66: API- 653 | L66: Out of service 10 yıl / İn Service 5 yıl | M66: 2021-03-01 00:00:00 | N66: 2026-03-01 00:00:00 | O66: =IFERROR(IF(N66="","",DATEVALUE(TEXT(N66,"DD.MM.YYYY"))-TODAY()),"Tarih Yok") -> Tarih Yok | P66: =IFERROR(IF(N66="","Tarih Yok",IF(DATEVALUE(TEXT(N66,"DD.MM.YYYY"))<TODAY(),"GECİKMİŞ",IF(DATEVALUE(TEXT(N66,"DD.MM.YYYY"))-TODAY()<=30,"30 GÜN İÇİNDE",IF(DATEVALUE(TEXT(N66,"DD.MM.YYYY"))-TODAY()<=90,"90 GÜN İÇİNDE","Takvimdeyiz")))),"Tarih Kontrol") -> Tarih Kontrol | Q66: Uygun Değil | S66: Sadece inservice raporu bulunmaktadır. Out of sevice raporu da olmalıdır. Bu sebeple uygunsuzdur. | T66: 09.10.2026
A67: T-065 | B67: ADR Tank Sahası | C67: ADR Tank Sahası | D67: 7.0 | E67: FORMALDEHIT TANKI-5 | F67: 502 | G67: 511 | H67: FORMALDEHİT | I67: Ayaksız tank | K67: API- 653 | L67: Out of service 10 yıl / İn Service 5 yıl | M67: 2018-07-01 00:00:00 | N67: 2023-07-01 00:00:00 | O67: =IFERROR(IF(N67="","",DATEVALUE(TEXT(N67,"DD.MM.YYYY"))-TODAY()),"Tarih Yok") -> Tarih Yok | P67: =IFERROR(IF(N67="","Tarih Yok",IF(DATEVALUE(TEXT(N67,"DD.MM.YYYY"))<TODAY(),"GECİKMİŞ",IF(DATEVALUE(TEXT(N67,"DD.MM.YYYY"))-TODAY()<=30,"30 GÜN İÇİNDE",IF(DATEVALUE(TEXT(N67,"DD.MM.YYYY"))-TODAY()<=90,"90 GÜN İÇİNDE","Takvimdeyiz")))),"Tarih Kontrol") -> Tarih Kontrol | Q67: Uygun Değil | S67: Sadece inservice raporu bulunmaktadır. Out of sevice raporu da olmalıdır. Bu sebeple uygunsuzdur. | T67: 09.10.2026
A68: T-066 | B68: ADR Tank Sahası | C68: ADR Tank Sahası | D68: 8.0 | E68: FORMALDEHIT TANKI-6 | F68: 101 | G68: 115 | H68: UFC | I68: Ayaksız tank | K68: API- 653 | L68: Out of service 10 yıl / İn Service 5 yıl | M68: 2018-07-01 00:00:00 | N68: 2023-07-01 00:00:00 | O68: =IFERROR(IF(N68="","",DATEVALUE(TEXT(N68,"DD.MM.YYYY"))-TODAY()),"Tarih Yok") -> Tarih Yok | P68: =IFERROR(IF(N68="","Tarih Yok",IF(DATEVALUE(TEXT(N68,"DD.MM.YYYY"))<TODAY(),"GECİKMİŞ",IF(DATEVALUE(TEXT(N68,"DD.MM.YYYY"))-TODAY()<=30,"30 GÜN İÇİNDE",IF(DATEVALUE(TEXT(N68,"DD.MM.YYYY"))-TODAY()<=90,"90 GÜN İÇİNDE","Takvimdeyiz")))),"Tarih Kontrol") -> Tarih Kontrol | Q68: Uygun Değil | S68: Sadece inservice raporu bulunmaktadır. Out of sevice raporu da olmalıdır. Bu sebeple uygunsuzdur. | T68: 09.10.2026
A69: T-067 | B69: ADR Tank Sahası | C69: ADR Tank Sahası | D69: 9.0 | E69: FORMALDEHIT TANKI-8 | F69: 300 | G69: 100 | H69: UFC | I69: Ayaksız tank | K69: API- 653 | L69: Out of service 10 yıl / İn Service 5 yıl | M69: 2018-07-01 00:00:00 | N69: 2023-07-01 00:00:00 | O69: =IFERROR(IF(N69="","",DATEVALUE(TEXT(N69,"DD.MM.YYYY"))-TODAY()),"Tarih Yok") -> Tarih Yok | P69: =IFERROR(IF(N69="","Tarih Yok",IF(DATEVALUE(TEXT(N69,"DD.MM.YYYY"))<TODAY(),"GECİKMİŞ",IF(DATEVALUE(TEXT(N69,"DD.MM.YYYY"))-TODAY()<=30,"30 GÜN İÇİNDE",IF(DATEVALUE(TEXT(N69,"DD.MM.YYYY"))-TODAY()<=90,"90 GÜN İÇİNDE","Takvimdeyiz")))),"Tarih Kontrol") -> Tarih Kontrol | Q69: Uygun Değil | S69: Sadece inservice raporu bulunmaktadır. Out of sevice raporu da olmalıdır. Bu sebeple uygunsuzdur. | T69: 09.10.2026
A70: T-068 | B70: ADR Tank Sahası | C70: ADR Tank Sahası | D70: 10.0 | E70: FORMALDEHIT TANKI | F70: 601 | G70: 74 | H70: FORMALDEHİT | I70: Ayaklı tank | K70: TS EN 12285 -2 / API- 510 | L70: Yıllık | M70: 2025-04-07 00:00:00 | N70: 2026-04-06 00:00:00 | O70: =IFERROR(IF(N70="","",DATEVALUE(TEXT(N70,"DD.MM.YYYY"))-TODAY()),"Tarih Yok") -> Tarih Yok | P70: =IFERROR(IF(N70="","Tarih Yok",IF(DATEVALUE(TEXT(N70,"DD.MM.YYYY"))<TODAY(),"GECİKMİŞ",IF(DATEVALUE(TEXT(N70,"DD.MM.YYYY"))-TODAY()<=30,"30 GÜN İÇİNDE",IF(DATEVALUE(TEXT(N70,"DD.MM.YYYY"))-TODAY()<=90,"90 GÜN İÇİNDE","Takvimdeyiz")))),"Tarih Kontrol") -> Tarih Kontrol | Q70: Uygun | S70: TAVAN KORKULUKLARI VE ALT SÜPÜRGELİKLERİ YOK. | T70: 09.10.2026
A71: T-069 | B71: ADR Tank Sahası | C71: ADR Tank Sahası | D71: 11.0 | E71: FENOL TANKI | F71: 702 | G71: 119 | H71: FENOL | I71: Ayaksız tank | K71: API- 653 | L71: Out of service 10 yıl / İn Service 5 yıl | M71: 2021-03-01 00:00:00 | N71: - | O71: =IFERROR(IF(N71="","",DATEVALUE(TEXT(N71,"DD.MM.YYYY"))-TODAY()),"Tarih Yok") -> Tarih Yok | P71: =IFERROR(IF(N71="","Tarih Yok",IF(DATEVALUE(TEXT(N71,"DD.MM.YYYY"))<TODAY(),"GECİKMİŞ",IF(DATEVALUE(TEXT(N71,"DD.MM.YYYY"))-TODAY()<=30,"30 GÜN İÇİNDE",IF(DATEVALUE(TEXT(N71,"DD.MM.YYYY"))-TODAY()<=90,"90 GÜN İÇİNDE","Takvimdeyiz")))),"Tarih Kontrol") -> Tarih Kontrol | Q71: Uygunsuz | S71: Sadece inservice raporu bulunmaktadır. Out of sevice raporu da olmalıdır. Bu sebeple uygunsuzdur. | T71: 09.10.2026
A72: T-070 | B72: ADR Tank Sahası | C72: ADR Tank Sahası | D72: 12.0 | E72: DESTİLAT TANKI | F72: 705 | G72: 63 | H72: ATIK SU | I72: Ayaklı tank | K72: TS EN 12285 -2 / API- 510 | L72: Yıllık | M72: 2025-04-08 00:00:00 | N72: 2026-04-08 00:00:00 | O72: =IFERROR(IF(N72="","",DATEVALUE(TEXT(N72,"DD.MM.YYYY"))-TODAY()),"Tarih Yok") -> Tarih Yok | P72: =IFERROR(IF(N72="","Tarih Yok",IF(DATEVALUE(TEXT(N72,"DD.MM.YYYY"))<TODAY(),"GECİKMİŞ",IF(DATEVALUE(TEXT(N72,"DD.MM.YYYY"))-TODAY()<=30,"30 GÜN İÇİNDE",IF(DATEVALUE(TEXT(N72,"DD.MM.YYYY"))-TODAY()<=90,"90 GÜN İÇİNDE","Takvimdeyiz")))),"Tarih Kontrol") -> Tarih Kontrol | Q72: Uygun | S72: TAVAN KORKULUKLARI VE ALT SÜPÜRGELİKLERİ YOK. | T72: 09.10.2026
... A74: T-072 | B74: ADR Tank Sahası | C74: ADR Tank Sahası | D74: 14.0 | E74: PROSES SU TANKI | F74: 701 | G74: 68 | H74: SU | I74: Ayaklı tank | K74: TS EN 12285 -2 / API- 510 | L74: Yıllık | M74: 2025-04-08 00:00:00 | N74: 2026-04-08 00:00:00 | O74: =IFERROR(IF(N74="","",DATEVALUE(TEXT(N74,"DD.MM.YYYY"))-TODAY()),"Tarih Yok") -> Tarih Yok | P74: =IFERROR(IF(N74="","Tarih Yok",IF(DATEVALUE(TEXT(N74,"DD.MM.YYYY"))<TODAY(),"GECİKMİŞ",IF(DATEVALUE(TEXT(N74,"DD.MM.YYYY"))-TODAY()<=30,"30 GÜN İÇİNDE",IF(DATEVALUE(TEXT(N74,"DD.MM.YYYY"))-TODAY()<=90,"90 GÜN İÇİNDE","Takvimdeyiz")))),"Tarih Kontrol") -> Tarih Kontrol | Q74: Uygun | S74: TAVAN KORKULUKLARI VE ALT SÜPÜRGELİKLERİ YOK. | T74: 09.10.2026
A75: T-073 | B75: ADR Tank Sahası | C75: ADR Tank Sahası | D75: 15.0 | E75: SU TANKI | F75: 102 | G75: 115 | H75: SU | I75: Ayaklı tank | K75: TS EN 12285 -2 / API- 510 | L75: Yıllık | M75: 2018-07-01 00:00:00 | N75: - | O75: =IFERROR(IF(N75="","",DATEVALUE(TEXT(N75,"DD.MM.YYYY"))-TODAY()),"Tarih Yok") -> Tarih Yok | P75: =IFERROR(IF(N75="","Tarih Yok",IF(DATEVALUE(TEXT(N75,"DD.MM.YYYY"))<TODAY(),"GECİKMİŞ",IF(DATEVALUE(TEXT(N75,"DD.MM.YYYY"))-TODAY()<=30,"30 GÜN İÇİNDE",IF(DATEVALUE(TEXT(N75,"DD.MM.YYYY"))-TODAY()<=90,"90 GÜN İÇİNDE","Takvimdeyiz")))),"Tarih Kontrol") -> Tarih Kontrol | Q75: Kontrolü yok | T75: 09.10.2026
A76: T-074 | B76: Reçine Mamul Tank | C76: Reçine Tesisi | D76: 1.0 | E76: RECINE TANKI-1 | F76: 1.0 | G76: 115 | H76: ÜRE REÇİNESİ | I76: Ayaklı tank | K76: TS EN 12285 -2 / API- 510 | L76: Yıllık | M76: 2025-03-22 00:00:00 | N76: 2026-03-22 00:00:00 | O76: =IFERROR(IF(N76="","",DATEVALUE(TEXT(N76,"DD.MM.YYYY"))-TODAY()),"Tarih Yok") -> Tarih Yok | P76: =IFERROR(IF(N76="","Tarih Yok",IF(DATEVALUE(TEXT(N76,"DD.MM.YYYY"))<TODAY(),"GECİKMİŞ",IF(DATEVALUE(TEXT(N76,"DD.MM.YYYY"))-TODAY()<=30,"30 GÜN İÇİNDE",IF(DATEVALUE(TEXT(N76,"DD.MM.YYYY"))-TODAY()<=90,"90 GÜN İÇİNDE","Takvimdeyiz")))),"Tarih Kontrol") -> Tarih Kontrol | Q76: Uygun | S76: UYGUN | T76: 09.10.2026
A77: T-075 | B77: Reçine Mamul Tank | C77: Reçine Tesisi | D77: 2.0 | E77: RECINE TANKI-2 | F77: 2.0 | G77: 115 | H77: ÜRE REÇİNESİ | I77: Ayaklı tank | K77: TS EN 12285 -2 / API- 510 | L77: Yıllık | M77: 2025-03-22 00:00:00 | N77: 2026-03-22 00:00:00 | O77: =IFERROR(IF(N77="","",DATEVALUE(TEXT(N77,"DD.MM.YYYY"))-TODAY()),"Tarih Yok") -> Tarih Yok | P77: =IFERROR(IF(N77="","Tarih Yok",IF(DATEVALUE(TEXT(N77,"DD.MM.YYYY"))<TODAY(),"GECİKMİŞ",IF(DATEVALUE(TEXT(N77,"DD.MM.YYYY"))-TODAY()<=30,"30 GÜN İÇİNDE",IF(DATEVALUE(TEXT(N77,"DD.MM.YYYY"))-TODAY()<=90,"90 GÜN İÇİNDE","Takvimdeyiz")))),"Tarih Kontrol") -> Tarih Kontrol | Q77: Uygun | S77: UYGUN | T77: 09.10.2026
A78: T-076 | B78: Reçine Mamul Tank | C78: Reçine Tesisi | D78: 3.0 | E78: RECINE TANKI-3 | F78: 3.0 | G78: 115 | H78: ÜRE REÇİNESİ | I78: Ayaklı tank | K78: TS EN 12285 -2 / API- 510 | L78: Yıllık | M78: 2025-03-22 00:00:00 | N78: 2026-03-22 00:00:00 | O78: =IFERROR(IF(N78="","",DATEVALUE(TEXT(N78,"DD.MM.YYYY"))-TODAY()),"Tarih Yok") -> Tarih Yok | P78: =IFERROR(IF(N78="","Tarih Yok",IF(DATEVALUE(TEXT(N78,"DD.MM.YYYY"))<TODAY(),"GECİKMİŞ",IF(DATEVALUE(TEXT(N78,"DD.MM.YYYY"))-TODAY()<=30,"30 GÜN İÇİNDE",IF(DATEVALUE(TEXT(N78,"DD.MM.YYYY"))-TODAY()<=90,"90 GÜN İÇİNDE","Takvimdeyiz")))),"Tarih Kontrol") -> Tarih Kontrol | Q78: Uygun | S78: UYGUN | T78: 09.10.2026
A79: T-077 | B79: Reçine Mamul Tank | C79: Reçine Tesisi | D79: 4.0 | E79: RECINE TANKI-4 | F79: 4.0 | G79: 115 | H79: ÜRE REÇİNESİ | I79: Ayaklı tank | K79: TS EN 12285 -2 / API- 510 | L79: Yıllık | M79: 2025-03-22 00:00:00 | N79: 2026-03-22 00:00:00 | O79: =IFERROR(IF(N79="","",DATEVALUE(TEXT(N79,"DD.MM.YYYY"))-TODAY()),"Tarih Yok") -> Tarih Yok | P79: =IFERROR(IF(N79="","Tarih Yok",IF(DATEVALUE(TEXT(N79,"DD.MM.YYYY"))<TODAY(),"GECİKMİŞ",IF(DATEVALUE(TEXT(N79,"DD.MM.YYYY"))-TODAY()<=30,"30 GÜN İÇİNDE",IF(DATEVALUE(TEXT(N79,"DD.MM.YYYY"))-TODAY()<=90,"90 GÜN İÇİNDE","Takvimdeyiz")))),"Tarih Kontrol") -> Tarih Kontrol | Q79: Uygun | S79: UYGUN | T79: 09.10.2026
A80: T-078 | B80: Reçine Mamul Tank | C80: Reçine Tesisi | D80: 5.0 | E80: RECINE TANKI-5 | F80: 5.0 | G80: 115 | H80: ÜRE REÇİNESİ | I80: Ayaklı tank | K80: TS EN 12285 -2 / API- 510 | L80: Yıllık | M80: 2025-03-22 00:00:00 | N80: 2026-03-22 00:00:00 | O80: =IFERROR(IF(N80="","",DATEVALUE(TEXT(N80,"DD.MM.YYYY"))-TODAY()),"Tarih Yok") -> Tarih Yok | P80: =IFERROR(IF(N80="","Tarih Yok",IF(DATEVALUE(TEXT(N80,"DD.MM.YYYY"))<TODAY(),"GECİKMİŞ",IF(DATEVALUE(TEXT(N80,"DD.MM.YYYY"))-TODAY()<=30,"30 GÜN İÇİNDE",IF(DATEVALUE(TEXT(N80,"DD.MM.YYYY"))-TODAY()<=90,"90 GÜN İÇİNDE","Takvimdeyiz")))),"Tarih Kontrol") -> Tarih Kontrol | Q80: Uygun | S80: UYGUN | T80: 09.10.2026
A81: T-079 | B81: Reçine Mamul Tank | C81: Reçine Tesisi | D81: 6.0 | E81: RECINE TANKI-8 | F81: 8.0 | G81: 115 | H81: ÜRE REÇİNESİ | I81: Ayaklı tank | K81: TS EN 12285 -2 / API- 510 | L81: Yıllık | M81: 2025-03-22 00:00:00 | N81: 2026-03-22 00:00:00 | O81: =IFERROR(IF(N81="","",DATEVALUE(TEXT(N81,"DD.MM.YYYY"))-TODAY()),"Tarih Yok") -> Tarih Yok | P81: =IFERROR(IF(N81="","Tarih Yok",IF(DATEVALUE(TEXT(N81,"DD.MM.YYYY"))<TODAY(),"GECİKMİŞ",IF(DATEVALUE(TEXT(N81,"DD.MM.YYYY"))-TODAY()<=30,"30 GÜN İÇİNDE",IF(DATEVALUE(TEXT(N81,"DD.MM.YYYY"))-TODAY()<=90,"90 GÜN İÇİNDE","Takvimdeyiz")))),"Tarih Kontrol") -> Tarih Kontrol | Q81: Uygun | S81: UYGUN | T81: 09.10.2026
A82: T-080 | B82: Reçine Mamul Tank | C82: Reçine Tesisi | D82: 7.0 | E82: RECINE TANKI-9 | F82: 9.0 | G82: 115 | H82: ÜRE REÇİNESİ | I82: Ayaklı tank | K82: TS EN 12285 -2 / API- 510 | L82: Yıllık | M82: 2025-03-22 00:00:00 | N82: 2026-03-22 00:00:00 | O82: =IFERROR(IF(N82="","",DATEVALUE(TEXT(N82,"DD.MM.YYYY"))-TODAY()),"Tarih Yok") -> Tarih Yok | P82: =IFERROR(IF(N82="","Tarih Yok",IF(DATEVALUE(TEXT(N82,"DD.MM.YYYY"))<TODAY(),"GECİKMİŞ",IF(DATEVALUE(TEXT(N82,"DD.MM.YYYY"))-TODAY()<=30,"30 GÜN İÇİNDE",IF(DATEVALUE(TEXT(N82,"DD.MM.YYYY"))-TODAY()<=90,"90 GÜN İÇİNDE","Takvimdeyiz")))),"Tarih Kontrol") -> Tarih Kontrol | Q82: Uygun | S82: UYGUN | T82: 09.10.2026
A83: T-081 | B83: Reçine Mamul Tank | C83: Reçine Tesisi | D83: 8.0 | E83: RECINE TANKI-10 | F83: 10.0 | G83: 115 | H83: ÜRE REÇİNESİ | I83: Ayaklı tank | K83: TS EN 12285 -2 / API- 510 | L83: Yıllık | M83: 2025-03-22 00:00:00 | N83: 2026-03-22 00:00:00 | O83: =IFERROR(IF(N83="","",DATEVALUE(TEXT(N83,"DD.MM.YYYY"))-TODAY()),"Tarih Yok") -> Tarih Yok | P83: =IFERROR(IF(N83="","Tarih Yok",IF(DATEVALUE(TEXT(N83,"DD.MM.YYYY"))<TODAY(),"GECİKMİŞ",IF(DATEVALUE(TEXT(N83,"DD.MM.YYYY"))-TODAY()<=30,"30 GÜN İÇİNDE",IF(DATEVALUE(TEXT(N83,"DD.MM.YYYY"))-TODAY()<=90,"90 GÜN İÇİNDE","Takvimdeyiz")))),"Tarih Kontrol") -> Tarih Kontrol | Q83: Uygun | S83: UYGUN | T83: 09.10.2026
A84: T-082 | B84: Reçine Mamul Tank | C84: Reçine Tesisi | D84: 9.0 | E84: RECINE TANKI-6 | F84: 6.0 | G84: 67 | H84: ÜRE REÇİNESİ | I84: Ayaklı tank | K84: TS EN 12285 -2 / API- 510 | L84: Yıllık | M84: 2025-03-22 00:00:00 | N84: 2026-03-22 00:00:00 | O84: =IFERROR(IF(N84="","",DATEVALUE(TEXT(N84,"DD.MM.YYYY"))-TODAY()),"Tarih Yok") -> Tarih Yok | P84: =IFERROR(IF(N84="","Tarih Yok",IF(DATEVALUE(TEXT(N84,"DD.MM.YYYY"))<TODAY(),"GECİKMİŞ",IF(DATEVALUE(TEXT(N84,"DD.MM.YYYY"))-TODAY()<=30,"30 GÜN İÇİNDE",IF(DATEVALUE(TEXT(N84,"DD.MM.YYYY"))-TODAY()<=90,"90 GÜN İÇİNDE","Takvimdeyiz")))),"Tarih Kontrol") -> Tarih Kontrol | Q84: Uygun | S84: UYGUN | T84: 09.10.2026
A85: T-083 | B85: Reçine Mamul Tank | C85: Reçine Tesisi | D85: 10.0 | E85: RECINE TANKI-7 | F85: 7.0 | G85: 67 | H85: ÜRE REÇİNESİ | I85: Ayaklı tank | K85: TS EN 12285 -2 / API- 510 | L85: Yıllık | M85: 2025-03-22 00:00:00 | N85: 2026-03-22 00:00:00 | O85: =IFERROR(IF(N85="","",DATEVALUE(TEXT(N85,"DD.MM.YYYY"))-TODAY()),"Tarih Yok") -> Tarih Yok | P85: =IFERROR(IF(N85="","Tarih Yok",IF(DATEVALUE(TEXT(N85,"DD.MM.YYYY"))<TODAY(),"GECİKMİŞ",IF(DATEVALUE(TEXT(N85,"DD.MM.YYYY"))-TODAY()<=30,"30 GÜN İÇİNDE",IF(DATEVALUE(TEXT(N85,"DD.MM.YYYY"))-TODAY()<=90,"90 GÜN İÇİNDE","Takvimdeyiz")))),"Tarih Kontrol") -> Tarih Kontrol | Q85: Uygun | S85: UYGUN | T85: 09.10.2026
A86: T-084 | B86: Reçine Mamul Tank | C86: Reçine Tesisi | D86: 11.0 | E86: FENOL FORMALDEHIT TANKI-11 | F86: 11.0 | G86: 53 | H86: FENOL REÇİNE | I86: Ayaksız tank | K86: TS EN 12285 -2 / API- 510 | L86: Out of service 10 yıl / İn Service 5 yıl | M86: 2025-03-28 00:00:00 | N86: 2030-03-27 00:00:00 | O86: =IFERROR(IF(N86="","",DATEVALUE(TEXT(N86,"DD.MM.YYYY"))-TODAY()),"Tarih Yok") -> Tarih Yok | P86: =IFERROR(IF(N86="","Tarih Yok",IF(DATEVALUE(TEXT(N86,"DD.MM.YYYY"))<TODAY(),"GECİKMİŞ",IF(DATEVALUE(TEXT(N86,"DD.MM.YYYY"))-TODAY()<=30,"30 GÜN İÇİNDE",IF(DATEVALUE(TEXT(N86,"DD.MM.YYYY"))-TODAY()<=90,"90 GÜN İÇİNDE","Takvimdeyiz")))),"Tarih Kontrol") -> Tarih Kontrol | Q86: Uygun | S86: UYGUN | T86: 09.10.2026
A87: T-085 | B87: Reçine Mamul Tank | C87: Reçine Tesisi | D87: 12.0 | E87: FENOL FORMALDEHIT TANKI-12 | F87: 12.0 | G87: 53 | H87: FENOL REÇİNE | I87: Ayaksız tank | K87: TS EN 12285 -2 / API- 510 | L87: Out of service 10 yıl / İn Service 5 yıl | M87: 2025-03-28 00:00:00 | N87: 2030-03-27 00:00:00 | O87: =IFERROR(IF(N87="","",DATEVALUE(TEXT(N87,"DD.MM.YYYY"))-TODAY()),"Tarih Yok") -> Tarih Yok | P87: =IFERROR(IF(N87="","Tarih Yok",IF(DATEVALUE(TEXT(N87,"DD.MM.YYYY"))<TODAY(),"GECİKMİŞ",IF(DATEVALUE(TEXT(N87,"DD.MM.YYYY"))-TODAY()<=30,"30 GÜN İÇİNDE",IF(DATEVALUE(TEXT(N87,"DD.MM.YYYY"))-TODAY()<=90,"90 GÜN İÇİNDE","Takvimdeyiz")))),"Tarih Kontrol") -> Tarih Kontrol | Q87: Uygun | S87: UYGUN | T87: 09.10.2026
... A90: T-088 | B90: Reçine Mamul Tank | C90: Reçine Tesisi | D90: 15.0 | E90: ALX TANKI | F90: 15.0 | G90: 20 | H90: ÜRE REÇİNESİ | I90: Ayaklı tank | K90: TS EN 12285 -2 / API- 510 | L90: Yıllık | M90: 2025-09-03 00:00:00 | N90: 2026-09-03 00:00:00 | O90: =IFERROR(IF(N90="","",DATEVALUE(TEXT(N90,"DD.MM.YYYY"))-TODAY()),"Tarih Yok") -> Tarih Yok | P90: =IFERROR(IF(N90="","Tarih Yok",IF(DATEVALUE(TEXT(N90,"DD.MM.YYYY"))<TODAY(),"GECİKMİŞ",IF(DATEVALUE(TEXT(N90,"DD.MM.YYYY"))-TODAY()<=30,"30 GÜN İÇİNDE",IF(DATEVALUE(TEXT(N90,"DD.MM.YYYY"))-TODAY()<=90,"90 GÜN İÇİNDE","Takvimdeyiz")))),"Tarih Kontrol") -> Tarih Kontrol | Q90: Kullanım Dışı /Uygun | S90: ANKRAJ VE KORKULUKLARA BAKIM ONARIM VE KUMLAMA BOYA GEREKLİDİR. | T90: 09.10.2026
A91: T-089 | B91: Reçine Mamul Tank | C91: Reçine Tesisi | D91: 16.0 | E91: CHILLER TANKI | G91: 15 | H91: CHİLLER SUYU | I91: Ayaklı tank | K91: TS EN 12285 -2 / API- 515 | L91: Yıllık | M91: 2025-09-03 00:00:00 | N91: 2026-09-02 00:00:00 | O91: =IFERROR(IF(N91="","",DATEVALUE(TEXT(N91,"DD.MM.YYYY"))-TODAY()),"Tarih Yok") -> Tarih Yok | P91: =IFERROR(IF(N91="","Tarih Yok",IF(DATEVALUE(TEXT(N91,"DD.MM.YYYY"))<TODAY(),"GECİKMİŞ",IF(DATEVALUE(TEXT(N91,"DD.MM.YYYY"))-TODAY()<=30,"30 GÜN İÇİNDE",IF(DATEVALUE(TEXT(N91,"DD.MM.YYYY"))-TODAY()<=90,"90 GÜN İÇİNDE","Takvimdeyiz")))),"Tarih Kontrol") -> Tarih Kontrol | Q91: Uygun | S91: ANKRAJ PLAKALARI SABİTLENMELİDİR. | T91: 09.10.2026
A92: T-090 | B92: Dilovası - Yapı Kim Tank | C92: Dilovası Yapı Kim. | D92: 1.0 | E92: HAMMADDE TANKI -1 ST 70 m3 | F92: 1 | G92: 75 | H92: SODYUM LİGNİN LİKİT KİMYA | I92: Ayaksız tank | K92: API 653 | L92: Out of service 10 yıl / İn Service 5 yıl | M92: 16.04.2025 API 653 | N92: 2030-04-15 00:00:00 | O92: =IFERROR(IF(N92="","",DATEVALUE(TEXT(N92,"DD.MM.YYYY"))-TODAY()),"Tarih Yok") -> Tarih Yok | P92: =IFERROR(IF(N92="","Tarih Yok",IF(DATEVALUE(TEXT(N92,"DD.MM.YYYY"))<TODAY(),"GECİKMİŞ",IF(DATEVALUE(TEXT(N92,"DD.MM.YYYY"))-TODAY()<=30,"30 GÜN İÇİNDE",IF(DATEVALUE(TEXT(N92,"DD.MM.YYYY"))-TODAY()<=90,"90 GÜN İÇİNDE","Takvimdeyiz")))),"Tarih Kontrol") -> Tarih Kontrol | Q92: Uygun | S92: MENHOL KUMLAMA BOYA + TAVAN KORKULUKLARI VE ALT SÜPÜRGELİKLERİ YOK. | T92: 09.10.2026
A93: T-091 | B93: Dilovası - Yapı Kim Tank | C93: Dilovası Yapı Kim. | D93: 2.0 | E93: HAMMADDE TANKI -2 ST 70 m3 | F93: 2 | G93: 75 | H93: SODYUM LİGNİN LİKİT KİMYA | I93: Ayaksız tank | K93: API 653 | L93: Out of service 10 yıl / İn Service 5 yıl | M93: 16.04.2025 API 653 | N93: 2030-04-15 00:00:00 | O93: =IFERROR(IF(N93="","",DATEVALUE(TEXT(N93,"DD.MM.YYYY"))-TODAY()),"Tarih Yok") -> Tarih Yok | P93: =IFERROR(IF(N93="","Tarih Yok",IF(DATEVALUE(TEXT(N93,"DD.MM.YYYY"))<TODAY(),"GECİKMİŞ",IF(DATEVALUE(TEXT(N93,"DD.MM.YYYY"))-TODAY()<=30,"30 GÜN İÇİNDE",IF(DATEVALUE(TEXT(N93,"DD.MM.YYYY"))-TODAY()<=90,"90 GÜN İÇİNDE","Takvimdeyiz")))),"Tarih Kontrol") -> Tarih Kontrol | Q93: Uygun | S93: TAVAN KORKULUKLARI VE ALT SÜPÜRGELİKLERİ YOK. | T93: 09.10.2026
A94: T-092 | B94: Dilovası - Yapı Kim Tank | C94: Dilovası Yapı Kim. | D94: 3.0 | E94: HAMMADDE TANKI -3 ST 70 m3 | F94: 3 | G94: 75 | H94: KALSİYUM LİGNİN %50 | I94: Ayaksız tank | K94: API 653 | L94: Out of service 10 yıl / İn Service 5 yıl | M94: 16.04.2025 API 653 | N94: 2030-04-15 00:00:00 | O94: =IFERROR(IF(N94="","",DATEVALUE(TEXT(N94,"DD.MM.YYYY"))-TODAY()),"Tarih Yok") -> Tarih Yok | P94: =IFERROR(IF(N94="","Tarih Yok",IF(DATEVALUE(TEXT(N94,"DD.MM.YYYY"))<TODAY(),"GECİKMİŞ",IF(DATEVALUE(TEXT(N94,"DD.MM.YYYY"))-TODAY()<=30,"30 GÜN İÇİNDE",IF(DATEVALUE(TEXT(N94,"DD.MM.YYYY"))-TODAY()<=90,"90 GÜN İÇİNDE","Takvimdeyiz")))),"Tarih Kontrol") -> Tarih Kontrol | Q94: Uygun | S94: TAVAN KORKULUKLARI VE ALT SÜPÜRGELİKLERİ YOK. | T94: 09.10.2026
A95: T-093 | B95: Dilovası - Yapı Kim Tank | C95: Dilovası Yapı Kim. | D95: 4.0 | E95: HAMMADDE TANKI -4 ST 70 m3 | F95: 4 | G95: 75 | H95: SODYUM LİGNİN LİKİT KİMYA | I95: Ayaksız tank | K95: API 653 | L95: Out of service 10 yıl / İn Service 5 yıl | M95: 16.04.2025 API 653 | N95: 2030-04-15 00:00:00 | O95: =IFERROR(IF(N95="","",DATEVALUE(TEXT(N95,"DD.MM.YYYY"))-TODAY()),"Tarih Yok") -> Tarih Yok | P95: =IFERROR(IF(N95="","Tarih Yok",IF(DATEVALUE(TEXT(N95,"DD.MM.YYYY"))<TODAY(),"GECİKMİŞ",IF(DATEVALUE(TEXT(N95,"DD.MM.YYYY"))-TODAY()<=30,"30 GÜN İÇİNDE",IF(DATEVALUE(TEXT(N95,"DD.MM.YYYY"))-TODAY()<=90,"90 GÜN İÇİNDE","Takvimdeyiz")))),"Tarih Kontrol") -> Tarih Kontrol | Q95: Uygun | S95: TAVAN KORKULUKLARI VE ALT SÜPÜRGELİKLERİ YOK. | T95: 09.10.2026
A96: T-094 | B96: Dilovası - Yapı Kim Tank | C96: Dilovası Yapı Kim. | D96: 5.0 | E96: HAMMADDE TANKI -11 ST 55 m3 | F96: 11 | G96: 61.5 | H96: SODYUM NAFTALİN MKS | I96: Ayaklı tank | K96: TS EN 12285 -2 / API- 510 | L96: Yıllık | M96: 2025-04-01 00:00:00 | N96: 2026-04-14 00:00:00 | O96: =IFERROR(IF(N96="","",DATEVALUE(TEXT(N96,"DD.MM.YYYY"))-TODAY()),"Tarih Yok") -> Tarih Yok | P96: =IFERROR(IF(N96="","Tarih Yok",IF(DATEVALUE(TEXT(N96,"DD.MM.YYYY"))<TODAY(),"GECİKMİŞ",IF(DATEVALUE(TEXT(N96,"DD.MM.YYYY"))-TODAY()<=30,"30 GÜN İÇİNDE",IF(DATEVALUE(TEXT(N96,"DD.MM.YYYY"))-TODAY()<=90,"90 GÜN İÇİNDE","Takvimdeyiz")))),"Tarih Kontrol") -> Tarih Kontrol | Q96: Uygun | S96: TAVAN KORKULUKLARI VE ALT SÜPÜRGELİKLERİ YOK. | T96: 09.10.2026
A97: T-095 | B97: Dilovası - Yapı Kim Tank | C97: Dilovası Yapı Kim. | D97: 6.0 | E97: HAMMADDE TANKI -12 ST 55 m3 | F97: 12 | G97: 61.5 | H97: TIPA | I97: Ayaklı tank | K97: TS EN 12285 -2 / API- 510 | L97: Yıllık | M97: 2025-04-01 00:00:00 | N97: 2026-04-14 00:00:00 | O97: =IFERROR(IF(N97="","",DATEVALUE(TEXT(N97,"DD.MM.YYYY"))-TODAY()),"Tarih Yok") -> Tarih Yok | P97: =IFERROR(IF(N97="","Tarih Yok",IF(DATEVALUE(TEXT(N97,"DD.MM.YYYY"))<TODAY(),"GECİKMİŞ",IF(DATEVALUE(TEXT(N97,"DD.MM.YYYY"))-TODAY()<=30,"30 GÜN İÇİNDE",IF(DATEVALUE(TEXT(N97,"DD.MM.YYYY"))-TODAY()<=90,"90 GÜN İÇİNDE","Takvimdeyiz")))),"Tarih Kontrol") -> Tarih Kontrol | Q97: Uygun | S97: TAVAN KORKULUKLARI VE ALT SÜPÜRGELİKLERİ YOK. | T97: 09.10.2026
A98: T-096 | B98: Dilovası - Yapı Kim Tank | C98: Dilovası Yapı Kim. | D98: 7.0 | E98: HAMMADDE TANKI -13 ST 55 m3 | F98: 13 | G98: 61.5 | H98: MAGNEZYUM LİGNİN SULF. | I98: Ayaklı tank | K98: TS EN 12285 -2 / API- 510 | L98: Yıllık | M98: 2025-04-01 00:00:00 | N98: 2026-04-14 00:00:00 | O98: =IFERROR(IF(N98="","",DATEVALUE(TEXT(N98,"DD.MM.YYYY"))-TODAY()),"Tarih Yok") -> Tarih Yok | P98: =IFERROR(IF(N98="","Tarih Yok",IF(DATEVALUE(TEXT(N98,"DD.MM.YYYY"))<TODAY(),"GECİKMİŞ",IF(DATEVALUE(TEXT(N98,"DD.MM.YYYY"))-TODAY()<=30,"30 GÜN İÇİNDE",IF(DATEVALUE(TEXT(N98,"DD.MM.YYYY"))-TODAY()<=90,"90 GÜN İÇİNDE","Takvimdeyiz")))),"Tarih Kontrol") -> Tarih Kontrol | Q98: Uygun | S98: TAVAN KORKULUKLARI VE ALT SÜPÜRGELİKLERİ YOK. | T98: 09.10.2026
A99: T-097 | B99: Dilovası - Yapı Kim Tank | C99: Dilovası Yapı Kim. | D99: 8.0 | E99: HAMMADDE TANKI -14 ST 55 m3 | F99: 14 | G99: 61.5 | H99: SODYUM NAFTALİN MKS | I99: Ayaklı tank | K99: TS EN 12285 -2 / API- 510 | L99: Yıllık | M99: 2025-04-01 00:00:00 | N99: 2026-04-14 00:00:00 | O99: =IFERROR(IF(N99="","",DATEVALUE(TEXT(N99,"DD.MM.YYYY"))-TODAY()),"Tarih Yok") -> Tarih Yok | P99: =IFERROR(IF(N99="","Tarih Yok",IF(DATEVALUE(TEXT(N99,"DD.MM.YYYY"))<TODAY(),"GECİKMİŞ",IF(DATEVALUE(TEXT(N99,"DD.MM.YYYY"))-TODAY()<=30,"30 GÜN İÇİNDE",IF(DATEVALUE(TEXT(N99,"DD.MM.YYYY"))-TODAY()<=90,"90 GÜN İÇİNDE","Takvimdeyiz")))),"Tarih Kontrol") -> Tarih Kontrol | Q99: Uygun | S99: TAVAN KORKULUKLARI VE ALT SÜPÜRGELİKLERİ YOK. | T99: 09.10.2026
A100: T-098 | B100: Dilovası - Yapı Kim Tank | C100: Dilovası Yapı Kim. | D100: 9.0 | E100: HAMMADDE TANKI -15 ST 55 m3 | F100: 15 | G100: 61.5 | H100: VAMCOL SUPA 700 | I100: Ayaklı tank | K100: TS EN 12285 -2 / API- 510 | L100: Yıllık | M100: 2025-04-01 00:00:00 | N100: 2026-04-14 00:00:00 | O100: =IFERROR(IF(N100="","",DATEVALUE(TEXT(N100,"DD.MM.YYYY"))-TODAY()),"Tarih Yok") -> Tarih Yok | P100: =IFERROR(IF(N100="","Tarih Yok",IF(DATEVALUE(TEXT(N100,"DD.MM.YYYY"))<TODAY(),"GECİKMİŞ",IF(DATEVALUE(TEXT(N100,"DD.MM.YYYY"))-TODAY()<=30,"30 GÜN İÇİNDE",IF(DATEVALUE(TEXT(N100,"DD.MM.YYYY"))-TODAY()<=90,"90 GÜN İÇİNDE","Takvimdeyiz")))),"Tarih Kontrol") -> Tarih Kontrol | Q100: Uygun | S100: TAVAN KORKULUKLARI VE ALT SÜPÜRGELİKLERİ YOK. | T100: 09.10.2026
A101: T-099 | B101: Dilovası - Yapı Kim Tank | C101: Dilovası Yapı Kim. | D101: 10.0 | E101: HAMMADDE TANKI -16 ST 55 m3 | F101: 16 | G101: 61.5 | H101: MELAS | I101: Ayaklı tank | K101: TS EN 12285 -2 / API- 510 | L101: Yıllık | M101: 2025-04-01 00:00:00 | N101: 2026-04-14 00:00:00 | O101: =IFERROR(IF(N101="","",DATEVALUE(TEXT(N101,"DD.MM.YYYY"))-TODAY()),"Tarih Yok") -> Tarih Yok | P101: =IFERROR(IF(N101="","Tarih Yok",IF(DATEVALUE(TEXT(N101,"DD.MM.YYYY"))<TODAY(),"GECİKMİŞ",IF(DATEVALUE(TEXT(N101,"DD.MM.YYYY"))-TODAY()<=30,"30 GÜN İÇİNDE",IF(DATEVALUE(TEXT(N101,"DD.MM.YYYY"))-TODAY()<=90,"90 GÜN İÇİNDE","Takvimdeyiz")))),"Tarih Kontrol") -> Tarih Kontrol | Q101: Uygun | S101: TAVAN KORKULUKLARI VE ALT SÜPÜRGELİKLERİ YOK. | T101: 09.10.2026
A102: T-100 | B102: Dilovası - Yapı Kim Tank | C102: Dilovası Yapı Kim. | D102: 11.0 | E102: HAMMADDE TANKI -17 ST 55 m3 | F102: 17 | G102: 61.5 | H102: SODYUM NİTRAT %40 | I102: Ayaklı tank | K102: TS EN 12285 -2 / API- 510 | L102: Yıllık | M102: 2025-04-01 00:00:00 | N102: 2026-04-14 00:00:00 | O102: =IFERROR(IF(N102="","",DATEVALUE(TEXT(N102,"DD.MM.YYYY"))-TODAY()),"Tarih Yok") -> Tarih Yok | P102: =IFERROR(IF(N102="","Tarih Yok",IF(DATEVALUE(TEXT(N102,"DD.MM.YYYY"))<TODAY(),"GECİKMİŞ",IF(DATEVALUE(TEXT(N102,"DD.MM.YYYY"))-TODAY()<=30,"30 GÜN İÇİNDE",IF(DATEVALUE(TEXT(N102,"DD.MM.YYYY"))-TODAY()<=90,"90 GÜN İÇİNDE","Takvimdeyiz")))),"Tarih Kontrol") -> Tarih Kontrol | Q102: Uygun | S102: TAVAN KORKULUKLARI VE ALT SÜPÜRGELİKLERİ YOK. | T102: 09.10.2026
A103: T-101 | B103: Dilovası - Yapı Kim Tank | C103: Dilovası Yapı Kim. | D103: 12.0 | E103: MAMUL TANKI -1 ST 70 m3 | F103: 1 | G103: 75 | H103: SODYUM GLLKONAT ÇÖZELTİSİ | I103: Ayaksız tank | K103: API 653 | L103: Out of service 10 yıl / İn Service 5 yıl | M103: 2025-04-01 00:00:00 | N103: 2030-04-01 00:00:00 | O103: =IFERROR(IF(N103="","",DATEVALUE(TEXT(N103,"DD.MM.YYYY"))-TODAY()),"Tarih Yok") -> Tarih Yok | P103: =IFERROR(IF(N103="","Tarih Yok",IF(DATEVALUE(TEXT(N103,"DD.MM.YYYY"))<TODAY(),"GECİKMİŞ",IF(DATEVALUE(TEXT(N103,"DD.MM.YYYY"))-TODAY()<=30,"30 GÜN İÇİNDE",IF(DATEVALUE(TEXT(N103,"DD.MM.YYYY"))-TODAY()<=90,"90 GÜN İÇİNDE","Takvimdeyiz")))),"Tarih Kontrol") -> Tarih Kontrol | Q103: Uygun | S103: TAVAN KUMLAMA BOYA - KORKULUKLARI VE ALT SÜPÜRGELİKLERİ YOK. | T103: 09.10.2026
... A106: T-104 | B106: Dilovası - Yapı Kim Tank | C106: Dilovası Yapı Kim. | D106: 15.0 | E106: MAMUL TANKI -4 ST 70 m3 | F106: 4 | G106: 75 | H106: POLİCON SR 6 | I106: Ayaksız tank | K106: API 653 | L106: Out of service 10 yıl / İn Service 5 yıl | M106: 2025-04-01 00:00:00 | N106: 2030-04-01 00:00:00 | O106: =IFERROR(IF(N106="","",DATEVALUE(TEXT(N106,"DD.MM.YYYY"))-TODAY()),"Tarih Yok") -> Tarih Yok | P106: =IFERROR(IF(N106="","Tarih Yok",IF(DATEVALUE(TEXT(N106,"DD.MM.YYYY"))<TODAY(),"GECİKMİŞ",IF(DATEVALUE(TEXT(N106,"DD.MM.YYYY"))-TODAY()<=30,"30 GÜN İÇİNDE",IF(DATEVALUE(TEXT(N106,"DD.MM.YYYY"))-TODAY()<=90,"90 GÜN İÇİNDE","Takvimdeyiz")))),"Tarih Kontrol") -> Tarih Kontrol | Q106: Uygun | S106: TAVAN KORKULUKLARI VE ALT SÜPÜRGELİKLERİ YOK. | T106: 09.10.2026
A107: T-105 | B107: Aus Tank Sahası | C107: AUS Tank Sahası | D107: 1.0 | E107: AFS TANKI | G107: 23 | H107: AFS | I107: Ayaklı tank | K107: TS EN 12285 -2 / API- 510 | L107: Yıllık | M107: 2025-09-03 00:00:00 | N107: 2026-08-28 00:00:00 | O107: =IFERROR(IF(N107="","",DATEVALUE(TEXT(N107,"DD.MM.YYYY"))-TODAY()),"Tarih Yok") -> Tarih Yok | P107: =IFERROR(IF(N107="","Tarih Yok",IF(DATEVALUE(TEXT(N107,"DD.MM.YYYY"))<TODAY(),"GECİKMİŞ",IF(DATEVALUE(TEXT(N107,"DD.MM.YYYY"))-TODAY()<=30,"30 GÜN İÇİNDE",IF(DATEVALUE(TEXT(N107,"DD.MM.YYYY"))-TODAY()<=90,"90 GÜN İÇİNDE","Takvimdeyiz")))),"Tarih Kontrol") -> Tarih Kontrol | Q107: Uygun | S107: UYGUN | T107: 09.10.2026
A108: T-106 | B108: Aus Tank Sahası | C108: AUS Tank Sahası | D108: 2.0 | E108: ADBLUE-1 (AUS 32) | F108: 1.0 | G108: 60 | H108: ADBLUE(AUS 32) | I108: Ayaksız tank | K108: TS EN 12285 -2 / API- 510 | L108: Yıllık | M108: 25.08.2025 API 653 | N108: 2030-08-28 00:00:00 | O108: =IFERROR(IF(N108="","",DATEVALUE(TEXT(N108,"DD.MM.YYYY"))-TODAY()),"Tarih Yok") -> Tarih Yok | P108: =IFERROR(IF(N108="","Tarih Yok",IF(DATEVALUE(TEXT(N108,"DD.MM.YYYY"))<TODAY(),"GECİKMİŞ",IF(DATEVALUE(TEXT(N108,"DD.MM.YYYY"))-TODAY()<=30,"30 GÜN İÇİNDE",IF(DATEVALUE(TEXT(N108,"DD.MM.YYYY"))-TODAY()<=90,"90 GÜN İÇİNDE","Takvimdeyiz")))),"Tarih Kontrol") -> Tarih Kontrol | Q108: Uygun | S108: TANK KORKULUK VE MERDİVENLER KUMLAMA BOYA YAPILMASI GEREKLİ | T108: 09.10.2026
A109: T-107 | B109: Aus Tank Sahası | C109: AUS Tank Sahası | D109: 3.0 | E109: ADBLUE-2 (AUS 32) | F109: 2.0 | G109: 60 | H109: ADBLUE(AUS 32) | I109: Ayaksız tank | K109: TS EN 12285 -2 / API- 510 | L109: Yıllık | M109: 25.08.2025 API 653 | N109: 2030-08-28 00:00:00 | O109: =IFERROR(IF(N109="","",DATEVALUE(TEXT(N109,"DD.MM.YYYY"))-TODAY()),"Tarih Yok") -> Tarih Yok | P109: =IFERROR(IF(N109="","Tarih Yok",IF(DATEVALUE(TEXT(N109,"DD.MM.YYYY"))<TODAY(),"GECİKMİŞ",IF(DATEVALUE(TEXT(N109,"DD.MM.YYYY"))-TODAY()<=30,"30 GÜN İÇİNDE",IF(DATEVALUE(TEXT(N109,"DD.MM.YYYY"))-TODAY()<=90,"90 GÜN İÇİNDE","Takvimdeyiz")))),"Tarih Kontrol") -> Tarih Kontrol | Q109: Uygun | S109: TANK KORKULUK VE MERDİVENLER KUMLAMA BOYA YAPILMASI GEREKLİ | T109: 09.10.2026
A110: T-108 | B110: Reçine Yardımcı Tanklar | C110: Reçine Yardımcı | D110: 1.0 | E110: ALKİLLENMİŞ MELAMİN TANKI | G110: 40 | H110: ALKİLLENMİŞ MELAMİN | I110: Ayaklı tank | K110: TS EN 12285 -2 / API- 512 | L110: Yıllık | M110: 2025-08-25 00:00:00 | N110: 2026-08-28 00:00:00 | O110: =IFERROR(IF(N110="","",DATEVALUE(TEXT(N110,"DD.MM.YYYY"))-TODAY()),"Tarih Yok") -> Tarih Yok | P110: =IFERROR(IF(N110="","Tarih Yok",IF(DATEVALUE(TEXT(N110,"DD.MM.YYYY"))<TODAY(),"GECİKMİŞ",IF(DATEVALUE(TEXT(N110,"DD.MM.YYYY"))-TODAY()<=30,"30 GÜN İÇİNDE",IF(DATEVALUE(TEXT(N110,"DD.MM.YYYY"))-TODAY()<=90,"90 GÜN İÇİNDE","Takvimdeyiz")))),"Tarih Kontrol") -> Tarih Kontrol | Q110: Uygun | S110: UYGUN | T110: 09.10.2026
A111: T-109 | B111: Reçine Yardımcı Tanklar | C111: Reçine Yardımcı | D111: 2.0 | E111: T102-1 DESTİLAT | F111: 102.1 | G111: 4 | H111: DESTİLAT | I111: Ayaklı tank | K111: TS EN 12285 -2 / API- 513 | L111: Yıllık | M111: 2025-08-25 00:00:00 | N111: 2026-08-28 00:00:00 | O111: =IFERROR(IF(N111="","",DATEVALUE(TEXT(N111,"DD.MM.YYYY"))-TODAY()),"Tarih Yok") -> Tarih Yok | P111: =IFERROR(IF(N111="","Tarih Yok",IF(DATEVALUE(TEXT(N111,"DD.MM.YYYY"))<TODAY(),"GECİKMİŞ",IF(DATEVALUE(TEXT(N111,"DD.MM.YYYY"))-TODAY()<=30,"30 GÜN İÇİNDE",IF(DATEVALUE(TEXT(N111,"DD.MM.YYYY"))-TODAY()<=90,"90 GÜN İÇİNDE","Takvimdeyiz")))),"Tarih Kontrol") -> Tarih Kontrol | Q111: Uygun | S111: UYGUN | T111: 09.10.2026
...

Sheet Tank_Muayene_Log
A1: TANK MUAYENİ VE KONTROL KAYIT DEFTERİ
A2: LOG_ID | B2: TANK_ID | C2: Tank_Adı | D2: Muayene_Tarihi | E2: Muayene_Türü | F2: Muayene_Kurulusu | G2: Rapor_No | H2: Bulgular | I2: Önerilen_Aksiyonlar | J2: Bir_Sonraki_Tarih | K2: Durum | L2: Maliyet_TL | M2: İlgili_PRJ | N2: Notlar
A3: LOG-001 | B3: T-012 | C3: METANOL TANKI (303) | D3: 25.08.2025 | E3: API 653 Out-of-Service | F3: Akredite Muayene Firması | H3: Tank komple mekanik bakıma alınmalı; kumlama-boya; korozyon oluşumu çok şiddetli | I3: Kumlama boya yaptırılacak; korozyon derinlik ölçümü | J3: 28.08.2030 | K3: Tamamlandı
A4: LOG-002 | B4: T-033 | C4: ADBLUE-1 (AUS 32) | D4: 25.08.2025 | E4: API 653 | F4: Akredite Muayene Firması | H4: Korkuluk ve merdivenler kumlama boya yapılması gerekli | I4: Korkuluk kumlama boya | J4: 28.08.2030 | K4: Tamamlandı
A5: LOG-003 | B5: T-001 | C5: ANA KOSTİK TANKI (st61m3) | D5: 24.03.2025 | E5: Yıllık Kontrol | F5: Akredite Muayene Firması | H5: Uygun | J5: 24.03.2026 | K5: Tamamlandı

Sheet Dolum_Hortumlari
A1: DOLUM HORTUMLARI VE TRANSFER EKİPMANLARI
A2: HORTUM_ID | B2: Etiket/Seri_No | C2: Tesis | D2: Dolum_Noktası | E2: Kimyasal | F2: Hortum_Tipi | G2: İç_Malzeme | H2: Dış_Malzeme | I2: Çap_mm | J2: Uzunluk_m | K2: Bağlantı_Tipi | L2: Basınç_Sınıfı_bar | M2: Kim_Uyumluluk | N2: Üretici | O2: Üretim_Tarihi | P2: Devreye_Tarihi | Q2: Son_Kontrol | R2: Sonraki_Kontrol | S2: Durum | T2: Hasar_Kaydı | U2: Son_Değişim_Tarihi | V2: Notlar
A3: Bu sayfa boş şablon olarak sunulmuştur. Gerçek hortum verilerini aşağıya giriniz.

Sheet Ekipman_Envanteri
A1: EKİPMAN ENVANTERİ
A2: EKP_ID | B2: Ekipman_Kodu | C2: Ekipman_Adı | D2: Ekipman_Tipi | E2: Tesis | F2: Sistem | G2: Üretici | H2: Model | I2: Seri_No | J2: Teknik_Özellikler | K2: Son_Bakım | L2: Sonraki_Bakım | M2: Bakım_Sıklığı | N2: Durum | O2: Açık_Bakım_Bildirimleri | P2: Bakım_Maliyet_TL | Q2: İlgili_PRJ | R2: Doküman_Linki
A3: Bu sayfa boş şablon olarak sunulmuştur. SAP ekipman numaralarını koruyarak verilerinizi giriniz.

Sheet Bakim_Gecmisi
A1: BAKIM VE ONARIM GEÇMİŞİ
A2: BAK_ID | B2: EKP_ID | C2: Ekipman_Adı | D2: TANK_ID | E2: Tank_Adı | F2: Bakım_Tarihi | G2: Bakım_Türü | H2: Yapan / Firma | I2: Açıklama | J2: Maliyet_TL | K2: İş_Emri_No | L2: Notlar

Sheet Butce_Maliyet
A1: BÜTÇE, MALİYET VE FİNANSAL TAKİP
A2: Kaynak: SAP Fatura Bazlı Detay — Ocak-Mart 2025 gerçekleşen giderler
A3: KAY_ID | B3: Masraf_Yeri_Kodu | C3: Masraf_Yeri_Adı | D3: Ana_Hesap_Kodu | E3: Gider_Kategorisi | F3: Tutar_TRY | G3: Para_Birimi | H3: Belge_No | I3: Kayıt_Tarihi | J3: Belge_Tarihi | K3: Metin | L3: Kullanıcı | M3: Satıcı_Adı | N3: Sipariş_No | O3: Sipariş_Adı | P3: PRJ_ID
A4: KAY-0001 | B4: 2273020004 | C4: ALT YAPI HIZMETLERI | D4: 7300003001 | E4: YAKITLAR | F4: 2928.24 | G4: TRY | H4: 7532 | I4: 2025-01-31 00:00:00 | J4: 2025-01-31 00:00:00 | K4: 930-T14 | L4: SKIZILTAS | N4: A-34ZB611 | O4: ALT YAPI HIZMETLERI
A5: KAY-0002 | B5: 2273020007 | C5: KAZAN DAIRESI | D5: 7300003001 | E5: YAKITLAR | F5: 214768.86 | G5: TRY | H5: 18892 | I5: 2025-02-28 00:00:00 | J5: 2025-02-28 00:00:00 | K5: 930-T14 | L5: SKIZILTAS
A6: KAY-0003 | B6: 2273020007 | C6: KAZAN DAIRESI | D6: 7300003001 | E6: YAKITLAR | F6: 117129.4 | G6: TRY | H6: 7534 | I6: 2025-01-31 00:00:00 | J6: 2025-01-31 00:00:00 | K6: 930-T14 | L6: SKIZILTAS
A7: KAY-0004 | B7: 2273020004 | C7: ALT YAPI HIZMETLERI | D7: 7300003001 | E7: YAKITLAR | F7: 3536.15 | G7: TRY | H7: 18890 | I7: 2025-02-28 00:00:00 | J7: 2025-02-28 00:00:00 | K7: 930-T14 | L7: SKIZILTAS | N7: A-34ZB611 | O7: ALT YAPI HIZMETLERI
A8: KAY-0005 | B8: 2273020007 | C8: KAZAN DAIRESI | D8: 7300003002 | E8: DOĞALGAZ GİDERİ | F8: 3690972.6 | G8: TRY | H8: 20346 | I8: 2025-02-28 00:00:00 | J8: 2025-02-28 00:00:00 | K8: PLG2025000021122 | L8: SDEMIRTAS | M8: PALGAZ DOĞAL GAZ DAĞITIM SAN.VE TİC
A9: KAY-0006 | B9: 2273020007 | C9: KAZAN DAIRESI | D9: 7300003002 | E9: DOĞALGAZ GİDERİ | F9: 2802197.7 | G9: TRY | H9: 8761 | I9: 2025-01-31 00:00:00 | J9: 2025-01-31 00:00:00 | K9: PLG2025000009875 | L9: SDEMIRTAS | M9: PALGAZ DOĞAL GAZ DAĞITIM SAN.VE TİC
A10: KAY-0007 | B10: 2273020005 | C10: KOMPRESOR HIZMETLERI | D10: 7300003003 | E10: ELEKTRIK SARFI | F10: 24149.49 | G10: TRY | H10: 1000000182 | I10: 2025-02-14 00:00:00 | J10: 2025-02-14 00:00:00 | L10: SDURSUN
A11: KAY-0008 | B11: 2273020005 | C11: KOMPRESOR HIZMETLERI | D11: 7300003003 | E11: ELEKTRIK SARFI | F11: -24149.49 | G11: TRY | H11: 15824 | I11: 2025-02-14 00:00:00 | J11: 2025-02-14 00:00:00 | L11: SDURSUN
A12: KAY-0009 | B12: 2273020006 | C12: JENERATOR HIZMETLERI | D12: 7300003003 | E12: ELEKTRIK SARFI | F12: 3900.58 | G12: TRY | H12: 20373 | I12: 2025-02-28 00:00:00 | J12: 2025-02-28 00:00:00 | L12: SDURSUN
A13: KAY-0010 | B13: 2273020008 | C13: SU ARITMA | D13: 7300003003 | E13: ELEKTRIK SARFI | F13: -893.91 | G13: TRY | H13: 15824 | I13: 2025-02-14 00:00:00 | J13: 2025-02-14 00:00:00 | L13: SDURSUN
A14: KAY-0011 | B14: 2273020007 | C14: KAZAN DAIRESI | D14: 7300003003 | E14: ELEKTRIK SARFI | F14: 117214.11 | G14: TRY | H14: 20373 | I14: 2025-02-28 00:00:00 | J14: 2025-02-28 00:00:00 | L14: SDURSUN
A15: KAY-0012 | B15: 2273020006 | C15: JENERATOR HIZMETLERI | D15: 7300003003 | E15: ELEKTRIK SARFI | F15: -243.94 | G15: TRY | H15: 15824 | I15: 2025-02-14 00:00:00 | J15: 2025-02-14 00:00:00 | L15: SDURSUN
A16: KAY-0013 | B16: 2272000003 | C16: SU URETIM | D16: 7300003003 | E16: ELEKTRIK SARFI | F16: -14754.82 | G16: TRY | H16: 15824 | I16: 2025-02-14 00:00:00 | J16: 2025-02-14 00:00:00 | L16: SDURSUN
A17: KAY-0014 | B17: 2273020008 | C17: SU ARITMA | D17: 7300003003 | E17: ELEKTRIK SARFI | F17: 13690.71 | G17: TRY | H17: 8840 | I17: 2025-01-31 00:00:00 | J17: 2025-01-31 00:00:00 | L17: SDURSUN
A18: KAY-0015 | B18: 2273020004 | C18: ALT YAPI HIZMETLERI | D18: 7300003003 | E18: ELEKTRIK SARFI | F18: 84741.13 | G18: TRY | H18: 20373 | I18: 2025-02-28 00:00:00 | J18: 2025-02-28 00:00:00 | L18: SDURSUN
A19: KAY-0016 | B19: 2272000003 | C19: SU URETIM | D19: 7300003003 | E19: ELEKTRIK SARFI | F19: -14754.82 | G19: TRY | H19: 15830 | I19: 2025-02-14 00:00:00 | J19: 2025-02-14 00:00:00 | L19: SDURSUN
A20: KAY-0017 | B20: 2273020003 | C20: TEKNIK ORTAK HIZMETL | D20: 7300003003 | E20: ELEKTRIK SARFI | F20: 961682.59 | G20: TRY | H20: 8840 | I20: 2025-01-31 00:00:00 | J20: 2025-01-31 00:00:00 | L20: SDURSUN
A21: KAY-0018 | B21: 2273020006 | C21: JENERATOR HIZMETLERI | D21: 7300003003 | E21: ELEKTRIK SARFI | F21: 3735.99 | G21: TRY | H21: 8840 | I21: 2025-01-31 00:00:00 | J21: 2025-01-31 00:00:00 | L21: SDURSUN
... A44: KAY-0041 | B44: 2272000003 | C44: SU URETIM | D44: 7300003003 | E44: ELEKTRIK SARFI | F44: 224481.25 | G44: TRY | H44: 20373 | I44: 2025-02-28 00:00:00 | J44: 2025-02-28 00:00:00 | L44: SDURSUN
A45: KAY-0042 | B45: 2273020008 | C45: SU ARITMA | D45: 7300003004 | E45: SU SARFİYATI | F45: 5945.64 | G45: TRY | H45: 20242 | I45: 2025-02-28 00:00:00 | J45: 2025-02-28 00:00:00 | K45: IYS2025000000562 | L45: SDURSUN | M45: KOCAELİ GEBZE DİLOVASI (OTOMATİK)
A46: KAY-0043 | B46: 2273020006 | C46: JENERATOR HIZMETLERI | D46: 7300003004 | E46: SU SARFİYATI | F46: 1033.36 | G46: TRY | H46: 9082 | I46: 2025-01-31 00:00:00 | J46: 2025-01-31 00:00:00 | K46: IYS2025000000014 | L46: SDURSUN | M46: KOCAELİ GEBZE DİLOVASI (OTOMATİK)
A47: KAY-0044 | B47: 2273020007 | C47: KAZAN DAIRESI | D47: 7300003004 | E47: SU SARFİYATI | F47: 10645.58 | G47: TRY | H47: 9082 | I47: 2025-01-31 00:00:00 | J47: 2025-01-31 00:00:00 | K47: IYS2025000000014 | L47: SDURSUN | M47: KOCAELİ GEBZE DİLOVASI (OTOMATİK)
A48: KAY-0045 | B48: 2273020007 | C48: KAZAN DAIRESI | D48: 7300003004 | E48: SU SARFİYATI | F48: 10287.62 | G48: TRY | H48: 23528 | I48: 2025-02-28 00:00:00 | J48: 2025-03-06 00:00:00 | K48: VERBR: Borç/alacak - tüketim | L48: SDURSUN
A49: KAY-0046 | B49: 2273020004 | C49: ALT YAPI HIZMETLERI | D49: 7300003004 | E49: SU SARFİYATI | F49: 27983.27 | G49: TRY | H49: 9082 | I49: 2025-01-31 00:00:00 | J49: 2025-01-31 00:00:00 | K49: IYS2025000000014 | L49: SDURSUN | M49: KOCAELİ GEBZE DİLOVASI (OTOMATİK)
A50: KAY-0047 | B50: 2273020007 | C50: KAZAN DAIRESI | D50: 7300003004 | E50: SU SARFİYATI | F50: 177240.36 | G50: TRY | H50: 20162 | I50: 2025-02-28 00:00:00 | J50: 2025-02-28 00:00:00 | K50: 930-Y32 | L50: EKARADEMIR
A51: KAY-0048 | B51: 2273020005 | C51: KOMPRESOR HIZMETLERI | D51: 7300003004 | E51: SU SARFİYATI | F51: 1033.36 | G51: TRY | H51: 9082 | I51: 2025-01-31 00:00:00 | J51: 2025-01-31 00:00:00 | K51: IYS2025000000014 | L51: SDURSUN | M51: KOCAELİ GEBZE DİLOVASI (OTOMATİK)
A52: KAY-0049 | B52: 2273020005 | C52: KOMPRESOR HIZMETLERI | D52: 7300003004 | E52: SU SARFİYATI | F52: 1189.43 | G52: TRY | H52: 20242 | I52: 2025-02-28 00:00:00 | J52: 2025-02-28 00:00:00 | K52: IYS2025000000562 | L52: SDURSUN | M52: KOCAELİ GEBZE DİLOVASI (OTOMATİK)
A53: KAY-0050 | B53: 2273020007 | C53: KAZAN DAIRESI | D53: 7300003004 | E53: SU SARFİYATI | F53: 18915.76 | G53: TRY | H53: 20242 | I53: 2025-02-28 00:00:00 | J53: 2025-02-28 00:00:00 | K53: IYS2025000000562 | L53: SDURSUN | M53: KOCAELİ GEBZE DİLOVASI (OTOMATİK)
A54: KAY-0051 | B54: 2273020008 | C54: SU ARITMA | D54: 7300003004 | E54: SU SARFİYATI | F54: 5166.81 | G54: TRY | H54: 9082 | I54: 2025-01-31 00:00:00 | J54: 2025-01-31 00:00:00 | K54: IYS2025000000014 | L54: SDURSUN | M54: KOCAELİ GEBZE DİLOVASI (OTOMATİK)
A55: KAY-0052 | B55: 2273020007 | C55: KAZAN DAIRESI | D55: 7300003004 | E55: SU SARFİYATI | F55: 29940.7 | G55: TRY | H55: 13831 | I55: 2025-01-31 00:00:00 | J55: 2025-02-07 00:00:00 | K55: VERBR: Borç/alacak - tüketim | L55: SDURSUN
A56: KAY-0053 | B56: 2273020003 | C56: TEKNIK ORTAK HIZMETL | D56: 7300003004 | E56: SU SARFİYATI | F56: 13181.74 | G56: TRY | H56: 9082 | I56: 2025-01-31 00:00:00 | J56: 2025-01-31 00:00:00 | K56: IYS2025000000014 | L56: SDURSUN | M56: KOCAELİ GEBZE DİLOVASI (OTOMATİK)
A57: KAY-0054 | B57: 2273020007 | C57: KAZAN DAIRESI | D57: 7300003004 | E57: SU SARFİYATI | F57: -10287.62 | G57: TRY | H57: 1000000253 | I57: 2025-02-28 00:00:00 | J57: 2025-02-28 00:00:00 | K57: su sarfı | L57: SDURSUN
A58: KAY-0055 | B58: 2273020007 | C58: KAZAN DAIRESI | D58: 7300003004 | E58: SU SARFİYATI | F58: 10287.62 | G58: TRY | H58: 23431 | I58: 2025-02-28 00:00:00 | J58: 2025-02-28 00:00:00 | K58: su sarfı | L58: SDURSUN
A59: KAY-0056 | B59: 2273020004 | C59: ALT YAPI HIZMETLERI | D59: 7300003004 | E59: SU SARFİYATI | F59: 32198 | G59: TRY | H59: 20242 | I59: 2025-02-28 00:00:00 | J59: 2025-02-28 00:00:00 | K59: IYS2025000000562 | L59: SDURSUN | M59: KOCAELİ GEBZE DİLOVASI (OTOMATİK)
A60: KAY-0057 | B60: 2273020006 | C60: JENERATOR HIZMETLERI | D60: 7300003004 | E60: SU SARFİYATI | F60: 1189.43 | G60: TRY | H60: 20242 | I60: 2025-02-28 00:00:00 | J60: 2025-02-28 00:00:00 | K60: IYS2025000000562 | L60: SDURSUN | M60: KOCAELİ GEBZE DİLOVASI (OTOMATİK)
A61: KAY-0058 | B61: 2273020007 | C61: KAZAN DAIRESI | D61: 7300003004 | E61: SU SARFİYATI | F61: 29940.7 | G61: TRY | H61: 13778 | I61: 2025-01-31 00:00:00 | J61: 2025-01-31 00:00:00 | K61: su sarfı | L61: SDURSUN
A62: KAY-0059 | B62: 2272000003 | C62: SU URETIM | D62: 7300003004 | E62: SU SARFİYATI | F62: 5945.64 | G62: TRY | H62: 20242 | I62: 2025-02-28 00:00:00 | J62: 2025-02-28 00:00:00 | K62: IYS2025000000562 | L62: SDURSUN | M62: KOCAELİ GEBZE DİLOVASI (OTOMATİK)
A63: KAY-0060 | B63: 2273020003 | C63: TEKNIK ORTAK HIZMETL | D63: 7300003004 | E63: SU SARFİYATI | F63: 13462.55 | G63: TRY | H63: 20242 | I63: 2025-02-28 00:00:00 | J63: 2025-02-28 00:00:00 | K63: IYS2025000000562 | L63: SDURSUN | M63: KOCAELİ GEBZE DİLOVASI (OTOMATİK)
A64: KAY-0061 | B64: 2273020007 | C64: KAZAN DAIRESI | D64: 7300003004 | E64: SU SARFİYATI | F64: 96285.6 | G64: TRY | H64: 8822 | I64: 2025-01-31 00:00:00 | J64: 2025-01-31 00:00:00 | K64: 930-Y32 | L64: EKARADEMIR
A65: KAY-0062 | B65: 2273020007 | C65: KAZAN DAIRESI | D65: 7300003004 | E65: SU SARFİYATI | F65: -29940.7 | G65: TRY | H65: 1000000169 | I65: 2025-01-31 00:00:00 | J65: 2025-01-31 00:00:00 | K65: su sarfı | L65: SDURSUN
A66: KAY-0063 | B66: 2272000003 | C66: SU URETIM | D66: 7300003004 | E66: SU SARFİYATI | F66: 5166.81 | G66: TRY | H66: 9082 | I66: 2025-01-31 00:00:00 | J66: 2025-01-31 00:00:00 | K66: IYS2025000000014 | L66: SDURSUN | M66: KOCAELİ GEBZE DİLOVASI (OTOMATİK)
A67: KAY-0064 | B67: 2272000003 | C67: SU URETIM | D67: 7300003006 | E67: TEMIZLIK GIDERLERI | F67: -236.86 | G67: TRY | H67: 18897 | I67: 2025-02-25 00:00:00 | J67: 2025-02-25 00:00:00 | K67: 930-T04 | L67: TAMBAR2
A68: KAY-0065 | B68: 2272000003 | C68: SU URETIM | D68: 7300003006 | E68: TEMIZLIK GIDERLERI | F68: 333.28 | G68: TRY | H68: 17101 | I68: 2025-02-21 00:00:00 | J68: 2025-02-21 00:00:00 | K68: 930-T04 | L68: TAMBAR2
A69: KAY-0066 | B69: 2272000003 | C69: SU URETIM | D69: 7300003006 | E69: TEMIZLIK GIDERLERI | F69: 236.86 | G69: TRY | H69: 17886 | I69: 2025-02-25 00:00:00 | J69: 2025-02-25 00:00:00 | K69: 930-T04 | L69: TAMBAR2
A70: KAY-0067 | B70: 2272000003 | C70: SU URETIM | D70: 7300003006 | E70: TEMIZLIK GIDERLERI | F70: 412.97 | G70: TRY | H70: 13917 | I70: 2025-02-07 00:00:00 | J70: 2025-02-07 00:00:00 | K70: 930-T04 | L70: GSERT
A71: KAY-0068 | B71: 2272000003 | C71: SU URETIM | D71: 7300003006 | E71: TEMIZLIK GIDERLERI | F71: 71.62 | G71: TRY | H71: 4157 | I71: 2025-01-21 00:00:00 | J71: 2025-01-21 00:00:00 | K71: 930-T04 | L71: TAMBAR2
A72: KAY-0069 | B72: 2273020007 | C72: KAZAN DAIRESI | D72: 7300003006 | E72: TEMIZLIK GIDERLERI | F72: 981.13 | G72: TRY | H72: 16282 | I72: 2025-02-18 00:00:00 | J72: 2025-02-18 00:00:00 | K72: 930-T04 | L72: TAMBAR2
A73: KAY-0070 | B73: 2272000003 | C73: SU URETIM | D73: 7300003006 | E73: TEMIZLIK GIDERLERI | F73: 486.02 | G73: TRY | H73: 6204 | I73: 2025-01-28 00:00:00 | J73: 2025-01-28 00:00:00 | K73: 930-T04 | L73: TAMBAR2
A74: KAY-0071 | B74: 2273020007 | C74: KAZAN DAIRESI | D74: 7300003006 | E74: TEMIZLIK GIDERLERI | F74: 326.01 | G74: TRY | H74: 3837 | I74: 2025-01-20 00:00:00 | J74: 2025-01-20 00:00:00 | K74: 930-T04 | L74: TAMBAR2
A75: KAY-0072 | B75: 2273020008 | C75: SU ARITMA | D75: 7300003007 | E75: ISLETME MALZEME GIDERLERI | F75: 229670.54 | G75: TRY | H75: 3015 | I75: 2025-01-15 00:00:00 | J75: 2025-01-15 00:00:00 | K75: 930-T18 | L75: SKIZILTAS
A76: KAY-0073 | B76: 2273020003 | C76: TEKNIK ORTAK HIZMETL | D76: 7300003007 | E76: ISLETME MALZEME GIDERLERI | F76: 51440.78 | G76: TRY | H76: 19050 | I76: 2025-02-28 00:00:00 | J76: 2025-02-28 00:00:00 | K76: 930-T18 | L76: SKIZILTAS
A77: KAY-0074 | B77: 2272000003 | C77: SU URETIM | D77: 7300003007 | E77: ISLETME MALZEME GIDERLERI | F77: 72.86 | G77: TRY | H77: 3921 | I77: 2025-01-20 00:00:00 | J77: 2025-01-20 00:00:00 | K77: 930-T10 | L77: TAMBAR2
A78: KAY-0075 | B78: 2273020007 | C78: KAZAN DAIRESI | D78: 7300003007 | E78: ISLETME MALZEME GIDERLERI | F78: 56.18 | G78: TRY | H78: 16282 | I78: 2025-02-18 00:00:00 | J78: 2025-02-18 00:00:00 | K78: 930-T17 | L78: TAMBAR2
... A81: KAY-0078 | B81: 2273020008 | C81: SU ARITMA | D81: 7300003007 | E81: ISLETME MALZEME GIDERLERI | F81: 36.39 | G81: TRY | H81: 908 | I81: 2025-01-07 00:00:00 | J81: 2025-01-07 00:00:00 | K81: 930-T10 | L81: TAMBAR2
A82: KAY-0079 | B82: 2273020008 | C82: SU ARITMA | D82: 7300003007 | E82: ISLETME MALZEME GIDERLERI | F82: 65379 | G82: TRY | H82: 3818 | I82: 2025-01-08 00:00:00 | J82: 2025-01-08 00:00:00 | K82: KRT2025000000116 | L82: SDEMIRTAS | M82: KARTEPE KİMYA END.VE NAK.SAN.LTD.ŞT
A83: KAY-0080 | B83: 2272000003 | C83: SU URETIM | D83: 7300003007 | E83: ISLETME MALZEME GIDERLERI | F83: 46759.77 | G83: TRY | H83: 9202 | I83: 2025-01-31 00:00:00 | J83: 2025-01-31 00:00:00 | K83: T180301 MEBRAN DENİZ SUYU (RO1-RO2) Dönemsel kayıt | L83: FSARAK
A84: KAY-0081 | B84: 2272000003 | C84: SU URETIM | D84: 7300003007 | E84: ISLETME MALZEME GIDERLERI | F84: 28849.69 | G84: TRY | H84: 14398 | I84: 2025-02-06 00:00:00 | J84: 2025-02-06 00:00:00 | K84: AG02025000000018 | L84: SDEMIRTAS | M84: AQUAGEN SU ARITMA SİSTEMLERİ SAN. T
A85: KAY-0082 | B85: 2273020004 | C85: ALT YAPI HIZMETLERI | D85: 7300003007 | E85: ISLETME MALZEME GIDERLERI | F85: 816.67 | G85: TRY | H85: 14663 | I85: 2025-02-04 00:00:00 | J85: 2025-02-04 00:00:00 | K85: 11-ELEKTRONIK MLZ.-KILIÇ ELEKTRONIK | L85: EDENKCI | M85: ARIZİ SATICILAR (MASRAFLAR)
A86: KAY-0083 | B86: 2272000003 | C86: SU URETIM | D86: 7300003007 | E86: ISLETME MALZEME GIDERLERI | F86: 55.51 | G86: TRY | H86: 4157 | I86: 2025-01-21 00:00:00 | J86: 2025-01-21 00:00:00 | K86: 930-T13 | L86: TAMBAR2
A87: KAY-0084 | B87: 2273020007 | C87: KAZAN DAIRESI | D87: 7300003007 | E87: ISLETME MALZEME GIDERLERI | F87: 98544.74 | G87: TRY | H87: 7187 | I87: 2025-01-30 00:00:00 | J87: 2025-01-30 00:00:00 | K87: 930-T18 | L87: SKIZILTAS
A88: KAY-0085 | B88: 2272000003 | C88: SU URETIM | D88: 7300003007 | E88: ISLETME MALZEME GIDERLERI | F88: -561117.18 | G88: TRY | H88: 9170 | I88: 2025-01-23 00:00:00 | J88: 2025-01-23 00:00:00 | K88: 5000035447 T180301 MEBRAN DENİZ SUYU (RO1-RO2) H | L88: SDURSUN
A89: KAY-0086 | B89: 2272000003 | C89: SU URETIM | D89: 7300003007 | E89: ISLETME MALZEME GIDERLERI | F89: 561117.18 | G89: TRY | H89: 8758 | I89: 2025-01-31 00:00:00 | J89: 2025-01-31 00:00:00 | K89: T180301 MEBRAN DENİZ SUYU (RO1-RO2) Dönemsel kayıt | L89: FSARAK
A90: KAY-0087 | B90: 2273020008 | C90: SU ARITMA | D90: 7300003007 | E90: ISLETME MALZEME GIDERLERI | F90: 204514.57 | G90: TRY | H90: 7525 | I90: 2025-01-31 00:00:00 | J90: 2025-01-31 00:00:00 | K90: 930-T18 | L90: SKIZILTAS
A91: KAY-0088 | B91: 2273020004 | C91: ALT YAPI HIZMETLERI | D91: 7300003007 | E91: ISLETME MALZEME GIDERLERI | F91: 3341.8 | G91: TRY | H91: 9076 | I91: 2025-01-31 00:00:00 | J91: 2025-01-31 00:00:00 | K91: HSD2025000003157 | L91: SDEMIRTAS | M91: HABAŞ SINAİ VE TIBBİ GAZLAR İST.END
A92: KAY-0089 | B92: 2273020008 | C92: SU ARITMA | D92: 7300003007 | E92: ISLETME MALZEME GIDERLERI | F92: 1101.03 | G92: TRY | H92: 753 | I92: 2025-01-06 00:00:00 | J92: 2025-01-06 00:00:00 | K92: 930-T17 | L92: TAMBAR2
A93: KAY-0090 | B93: 2272000003 | C93: SU URETIM | D93: 7300003007 | E93: ISLETME MALZEME GIDERLERI | F93: 561117.18 | G93: TRY | H93: 4708 | I93: 2025-01-23 00:00:00 | J93: 2025-01-23 00:00:00 | K93: 930-T18 | L93: SKIZILTAS
A94: KAY-0091 | B94: 2273020004 | C94: ALT YAPI HIZMETLERI | D94: 7300003007 | E94: ISLETME MALZEME GIDERLERI | F94: 1000 | G94: TRY | H94: 14663 | I94: 2025-02-04 00:00:00 | J94: 2025-02-04 00:00:00 | K94: 6-ELEKTRONIK MLZ.-AYPI ELEKTRONIK | L94: EDENKCI | M94: ARIZİ SATICILAR (MASRAFLAR)
A95: KAY-0092 | B95: 2273020007 | C95: KAZAN DAIRESI | D95: 7300003007 | E95: ISLETME MALZEME GIDERLERI | F95: 82305.02 | G95: TRY | H95: 19050 | I95: 2025-02-28 00:00:00 | J95: 2025-02-28 00:00:00 | K95: 930-T18 | L95: SKIZILTAS
A96: KAY-0093 | B96: 2273020007 | C96: KAZAN DAIRESI | D96: 7300003007 | E96: ISLETME MALZEME GIDERLERI | F96: 36.43 | G96: TRY | H96: 3840 | I96: 2025-01-20 00:00:00 | J96: 2025-01-20 00:00:00 | K96: 930-T10 | L96: TAMBAR2
A97: KAY-0094 | B97: 2272000003 | C97: SU URETIM | D97: 7300003007 | E97: ISLETME MALZEME GIDERLERI | F97: 46759.76 | G97: TRY | H97: 19607 | I97: 2025-02-28 00:00:00 | J97: 2025-02-28 00:00:00 | K97: T180301 MEBRAN DENİZ SUYU (RO1-RO2) Dönemsel kayıt | L97: FSARAK
A98: KAY-0095 | B98: 2273020008 | C98: SU ARITMA | D98: 7300003011 | E98: PROSES KAYNAKLI KİMYASAL ATIK BERTARAF GİDERİ | F98: 44872 | G98: TRY | H98: 17935 | I98: 2025-02-20 00:00:00 | J98: 2025-02-20 00:00:00 | K98: CHI2025000000673 | L98: SDEMIRTAS | M98: CHIMIREC AVRASYA ENDÜSTRİYEL ATIK
A99: KAY-0096 | B99: 2273020008 | C99: SU ARITMA | D99: 7300003011 | E99: PROSES KAYNAKLI KİMYASAL ATIK BERTARAF GİDERİ | F99: 852 | G99: TRY | H99: 16268 | I99: 2025-02-01 00:00:00 | J99: 2025-01-31 00:00:00 | K99: GYS2025000000019 | L99: SDEMIRTAS
A100: KAY-0097 | B100: 2273020008 | C100: SU ARITMA | D100: 7300003011 | E100: PROSES KAYNAKLI KİMYASAL ATIK BERTARAF GİDERİ | F100: 15865 | G100: TRY | H100: 17938 | I100: 2025-02-20 00:00:00 | J100: 2025-02-20 00:00:00 | K100: CHI2025000000671 | L100: SDEMIRTAS | M100: CHIMIREC AVRASYA ENDÜSTRİYEL ATIK
A101: KAY-0098 | B101: 2273020008 | C101: SU ARITMA | D101: 7300003011 | E101: PROSES KAYNAKLI KİMYASAL ATIK BERTARAF GİDERİ | F101: 49928 | G101: TRY | H101: 20149 | I101: 2025-02-28 00:00:00 | J101: 2025-02-28 00:00:00 | K101: CHI2025000001012 | L101: SDEMIRTAS | M101: CHIMIREC AVRASYA ENDÜSTRİYEL ATIK
A102: KAY-0099 | B102: 2273020007 | C102: KAZAN DAIRESI | D102: 7300003011 | E102: PROSES KAYNAKLI KİMYASAL ATIK BERTARAF GİDERİ | F102: 341 | G102: TRY | H102: 16281 | I102: 2025-02-01 00:00:00 | J102: 2025-01-31 00:00:00 | K102: GYS2025000000019 | L102: SDEMIRTAS
A103: KAY-0100 | B103: 2273020008 | C103: SU ARITMA | D103: 7300003011 | E103: PROSES KAYNAKLI KİMYASAL ATIK BERTARAF GİDERİ | F103: 44003 | G103: TRY | H103: 8722 | I103: 2025-01-31 00:00:00 | J103: 2025-01-31 00:00:00 | K103: CHI2025000000382 | L103: SDEMIRTAS | M103: CHIMIREC AVRASYA ENDÜSTRİYEL ATIK
A104: KAY-0101 | B104: 2273020008 | C104: SU ARITMA | D104: 7300003011 | E104: PROSES KAYNAKLI KİMYASAL ATIK BERTARAF GİDERİ | F104: 47637 | G104: TRY | H104: 20152 | I104: 2025-02-28 00:00:00 | J104: 2025-02-28 00:00:00 | K104: CHI2025000001014 | L104: SDEMIRTAS | M104: CHIMIREC AVRASYA ENDÜSTRİYEL ATIK
A105: KAY-0102 | B105: 2273020008 | C105: SU ARITMA | D105: 7300003011 | E105: PROSES KAYNAKLI KİMYASAL ATIK BERTARAF GİDERİ | F105: 170 | G105: TRY | H105: 16291 | I105: 2025-02-01 00:00:00 | J105: 2025-01-31 00:00:00 | K105: GYS2025000000019 | L105: SDEMIRTAS
A106: KAY-0103 | B106: 2273020008 | C106: SU ARITMA | D106: 7300003011 | E106: PROSES KAYNAKLI KİMYASAL ATIK BERTARAF GİDERİ | F106: 10520 | G106: TRY | H106: 4970 | I106: 2025-01-16 00:00:00 | J106: 2025-01-16 00:00:00 | K106: IZY2025000000406 | L106: SDEMIRTAS | M106: İZAYDAŞ İZMİT ATIK VE ARTIK.ARITMA
A107: KAY-0104 | B107: 2273020008 | C107: SU ARITMA | D107: 7300003011 | E107: PROSES KAYNAKLI KİMYASAL ATIK BERTARAF GİDERİ | F107: 47637 | G107: TRY | H107: 8721 | I107: 2025-01-31 00:00:00 | J107: 2025-01-31 00:00:00 | K107: CHI2025000000383 | L107: SDEMIRTAS | M107: CHIMIREC AVRASYA ENDÜSTRİYEL ATIK
A108: KAY-0105 | B108: 2273020008 | C108: SU ARITMA | D108: 7300003011 | E108: PROSES KAYNAKLI KİMYASAL ATIK BERTARAF GİDERİ | F108: 38631 | G108: TRY | H108: 8715 | I108: 2025-01-31 00:00:00 | J108: 2025-01-31 00:00:00 | K108: CHI2025000000378 | L108: SDEMIRTAS | M108: CHIMIREC AVRASYA ENDÜSTRİYEL ATIK
A109: KAY-0106 | B109: 2273020008 | C109: SU ARITMA | D109: 7300003011 | E109: PROSES KAYNAKLI KİMYASAL ATIK BERTARAF GİDERİ | F109: 53799 | G109: TRY | H109: 20148 | I109: 2025-02-28 00:00:00 | J109: 2025-02-28 00:00:00 | K109: CHI2025000001011 | L109: SDEMIRTAS | M109: CHIMIREC AVRASYA ENDÜSTRİYEL ATIK
A110: KAY-0107 | B110: 2273020008 | C110: SU ARITMA | D110: 7300003011 | E110: PROSES KAYNAKLI KİMYASAL ATIK BERTARAF GİDERİ | F110: 50481 | G110: TRY | H110: 20153 | I110: 2025-02-28 00:00:00 | J110: 2025-02-28 00:00:00 | K110: CHI2025000001015 | L110: SDEMIRTAS | M110: CHIMIREC AVRASYA ENDÜSTRİYEL ATIK
A111: KAY-0108 | B111: 2273020008 | C111: SU ARITMA | D111: 7300003011 | E111: PROSES KAYNAKLI KİMYASAL ATIK BERTARAF GİDERİ | F111: 4928 | G111: TRY | H111: 20145 | I111: 2025-02-28 00:00:00 | J111: 2025-02-28 00:00:00 | K111: CHI2025000001009 | L111: SDEMIRTAS | M111: CHIMIREC AVRASYA ENDÜSTRİYEL ATIK
A112: KAY-0109 | B112: 2273020008 | C112: SU ARITMA | D112: 7300003011 | E112: PROSES KAYNAKLI KİMYASAL ATIK BERTARAF GİDERİ | F112: 54668 | G112: TRY | H112: 8717 | I112: 2025-01-31 00:00:00 | J112: 2025-01-31 00:00:00 | K112: CHI2025000000379 | L112: SDEMIRTAS | M112: CHIMIREC AVRASYA ENDÜSTRİYEL ATIK
A113: KAY-0110 | B113: 2273020008 | C113: SU ARITMA | D113: 7300003011 | E113: PROSES KAYNAKLI KİMYASAL ATIK BERTARAF GİDERİ | F113: 116200 | G113: TRY | H113: 20374 | I113: 2025-02-28 00:00:00 | J113: 2025-02-28 00:00:00 | L113: SDEMIRTAS
A114: KAY-0111 | B114: 2273020008 | C114: SU ARITMA | D114: 7300003011 | E114: PROSES KAYNAKLI KİMYASAL ATIK BERTARAF GİDERİ | F114: 49612 | G114: TRY | H114: 17934 | I114: 2025-02-20 00:00:00 | J114: 2025-02-20 00:00:00 | K114: CHI2025000000674 | L114: SDEMIRTAS | M114: CHIMIREC AVRASYA ENDÜSTRİYEL ATIK
A115: KAY-0112 | B115: 2273020008 | C115: SU ARITMA | D115: 7300003011 | E115: PROSES KAYNAKLI KİMYASAL ATIK BERTARAF GİDERİ | F115: 61541 | G115: TRY | H115: 17936 | I115: 2025-02-20 00:00:00 | J115: 2025-02-20 00:00:00 | K115: CHI2025000000672 | L115: SDEMIRTAS | M115: CHIMIREC AVRASYA ENDÜSTRİYEL ATIK
A116: KAY-0113 | B116: 2273020006 | C116: JENERATOR HIZMETLERI | D116: 7300003011 | E116: PROSES KAYNAKLI KİMYASAL ATIK BERTARAF GİDERİ | F116: 170 | G116: TRY | H116: 16290 | I116: 2025-02-01 00:00:00 | J116: 2025-01-31 00:00:00 | K116: GYS2025000000019 | L116: SDEMIRTAS
A117: KAY-0114 | B117: 2273020008 | C117: SU ARITMA | D117: 7300003011 | E117: PROSES KAYNAKLI KİMYASAL ATIK BERTARAF GİDERİ | F117: 45346 | G117: TRY | H117: 8719 | I117: 2025-01-31 00:00:00 | J117: 2025-01-31 00:00:00 | K117: CHI2025000000384 | L117: SDEMIRTAS | M117: CHIMIREC AVRASYA ENDÜSTRİYEL ATIK
A118: KAY-0115 | B118: 2272000003 | C118: SU URETIM | D118: 7300003011 | E118: PROSES KAYNAKLI KİMYASAL ATIK BERTARAF GİDERİ | F118: 1534 | G118: TRY | H118: 16262 | I118: 2025-02-01 00:00:00 | J118: 2025-01-31 00:00:00 | K118: GYS2025000000019 | L118: SDEMIRTAS
A119: KAY-0116 | B119: 2273020008 | C119: SU ARITMA | D119: 7300003011 | E119: PROSES KAYNAKLI KİMYASAL ATIK BERTARAF GİDERİ | F119: 44240 | G119: TRY | H119: 20146 | I119: 2025-02-28 00:00:00 | J119: 2025-02-28 00:00:00 | K119: CHI2025000001008 | L119: SDEMIRTAS | M119: CHIMIREC AVRASYA ENDÜSTRİYEL ATIK
A120: KAY-0117 | B120: 2273020008 | C120: SU ARITMA | D120: 7300003011 | E120: PROSES KAYNAKLI KİMYASAL ATIK BERTARAF GİDERİ | F120: 124185.6 | G120: TRY | H120: 16258 | I120: 2025-02-01 00:00:00 | J120: 2025-01-31 00:00:00 | K120: GYS2025000000019 | L120: SDEMIRTAS
A121: KAY-0118 | B121: 2273020008 | C121: SU ARITMA | D121: 7300003011 | E121: PROSES KAYNAKLI KİMYASAL ATIK BERTARAF GİDERİ | F121: 53720 | G121: TRY | H121: 8720 | I121: 2025-01-31 00:00:00 | J121: 2025-01-31 00:00:00 | K121: CHI2025000000381 | L121: SDEMIRTAS | M121: CHIMIREC AVRASYA ENDÜSTRİYEL ATIK
A122: KAY-0119 | B122: 2273020008 | C122: SU ARITMA | D122: 7300003011 | E122: PROSES KAYNAKLI KİMYASAL ATIK BERTARAF GİDERİ | F122: 26908 | G122: TRY | H122: 8716 | I122: 2025-01-31 00:00:00 | J122: 2025-01-31 00:00:00 | K122: CHI2025000000377 | L122: SDEMIRTAS | M122: CHIMIREC AVRASYA ENDÜSTRİYEL ATIK
A123: KAY-0120 | B123: 2273020008 | C123: SU ARITMA | D123: 7300003011 | E123: PROSES KAYNAKLI KİMYASAL ATIK BERTARAF GİDERİ | F123: 49059 | G123: TRY | H123: 20147 | I123: 2025-02-28 00:00:00 | J123: 2025-02-28 00:00:00 | K123: CHI2025000001010 | L123: SDEMIRTAS | M123: CHIMIREC AVRASYA ENDÜSTRİYEL ATIK
A124: KAY-0121 | B124: 2273020008 | C124: SU ARITMA | D124: 7300003011 | E124: PROSES KAYNAKLI KİMYASAL ATIK BERTARAF GİDERİ | F124: 4399.59 | G124: TRY | H124: 16263 | I124: 2025-02-01 00:00:00 | J124: 2025-01-31 00:00:00 | K124: GYS2025000000019 | L124: SDEMIRTAS
...

Sheet Satin_Alma
A1: SATIN ALMA VE TEDARİK TAKİBİ
A2: SAT_ID | B2: Talep_No | C2: Talep_Tarihi | D2: Malzeme_Hizmet | E2: Miktar | F2: Birim | G2: Teklif_Durum | H2: Siparis_No | I2: Tedarikçi | J2: Plan_Teslim_Tarihi | K2: Ger_Teslim_Tarihi | L2: Siparis_Tutari_TL | M2: Kabul_Durumu | N2: Gecikme_Nedeni | O2: PRJ_ID | P2: Notlar
A3: SAT-001 | D3: LS-02 SIL sertifikalı seviye transmitteri (T-303 için) | E3: 2 | F3: Adet | G3: Teklif Bekleniyor | J3: 30.11.2026 | M3: Bekliyor | O3: PRJ-2026-002 | P3: HAZOP A-002 aksiyonu kapsamında
A4: SAT-002 | D4: Muayene hizmeti — Out-of-service raporu (Formaldehit tankları) | E4: 1 | F4: Lot | G4: Teklif Hazırlanıyor | I4: Akredite Muayene Firması | J4: 31.12.2026 | M4: Bekliyor | P4: Uygun Değil 7 tank için out-of-service muayenesi
A5: SAT-003 | D5: İskele hizmeti (Pilot Reaktör taşınması) | E5: 1 | F5: Lot | G5: Maliyet Analizinde | J5: 01.12.2026 | L5: 61695.0 | M5: Bekliyor | O5: PRJ-2026-001 | P5: POL-MBO-PRT-2026-001 Rev.01 kalem 3.8

Sheet Risk_Uygunsuzluk
A1: TEKNİK UYGUNSUZLUKLAR, RİSKLER VE HAZOP AKSİYONLARI
A2: Kaynak: HAZOP Aksiyon Listesi (23.09.2026) — 220 aksiyon + tank muayene uygunsuzlukları
A3: UYG_ID | B3: Kaynak | C3: Firma | D3: Tesis | E3: Ünite | F3: Ekipman_Tag | G3: Node_No | H3: HAZOP_No | I3: Aksiyon_Türü | J3: Olası_Neden | K3: Olası_Sonuç | L3: Aksiyon_Açıklaması | M3: Risk_Seviyesi | N3: Sorumlu | O3: Termin | P3: Durum | Q3: Kapama_Tarihi | R3: Notlar
A4: TANK-003 | B4: Tank Muayene | C4: POLİSAN | D4: Gümüş Tesisi | F4: 201.0 | I4: Muayene Uygunsuzluğu | J4: Durum: Uygun Değil | K4: Periyodik muayene yetersizliği; teknik uygunsuzluk riski | L4: Sadece inservice raporu bulunmaktadır. Out of sevice raporu da olmalıdır. Bu sebeple uygunsuzdur. | M4: YÜKSEK | N4: Orhan KARABA | O4: 31.12.2026 | P4: Açık | R4: Tank: FORMALDEHİT TANKI | Hacim: 270.0 m³
A5: TANK-004 | B5: Tank Muayene | C5: POLİSAN | D5: Gümüş Tesisi | F5: 301.0 | I5: Muayene Uygunsuzluğu | J5: Durum: Uygun Değil | K5: Periyodik muayene yetersizliği; teknik uygunsuzluk riski | L5: Sadece inservice raporu bulunmaktadır. Out of sevice raporu da olmalıdır. Bu sebeple uygunsuzdur. | M5: YÜKSEK | N5: Orhan KARABA | O5: 31.12.2026 | P5: Açık | R5: Tank: FORMALDEHIT TANKI-2 | Hacim: 289.0 m³
A6: TANK-005 | B6: Tank Muayene | C6: POLİSAN | D6: Gümüş Tesisi | F6: 302.0 | I6: Muayene Uygunsuzluğu | J6: Durum: Uygun Değil | K6: Periyodik muayene yetersizliği; teknik uygunsuzluk riski | L6: Sadece inservice raporu bulunmaktadır. Out of sevice raporu da olmalıdır. Bu sebeple uygunsuzdur. | M6: YÜKSEK | N6: Orhan KARABA | O6: 31.12.2026 | P6: Açık | R6: Tank: FORMALDEHIT TANKI-3 | Hacim: 289.0 m³
A7: TANK-006 | B7: Tank Muayene | C7: POLİSAN | D7: Gümüş Tesisi | F7: 501.0 | I7: Muayene Uygunsuzluğu | J7: Durum: Uygun Değil | K7: Periyodik muayene yetersizliği; teknik uygunsuzluk riski | L7: Sadece inservice raporu bulunmaktadır. Out of sevice raporu da olmalıdır. Bu sebeple uygunsuzdur. | M7: YÜKSEK | N7: Orhan KARABA | O7: 31.12.2026 | P7: Açık | R7: Tank: FORMALDEHIT TANKI-4 | Hacim: 510.0 m³
A8: TANK-007 | B8: Tank Muayene | C8: POLİSAN | D8: Gümüş Tesisi | F8: 502.0 | I8: Muayene Uygunsuzluğu | J8: Durum: Uygun Değil | K8: Periyodik muayene yetersizliği; teknik uygunsuzluk riski | L8: Sadece inservice raporu bulunmaktadır. Out of sevice raporu da olmalıdır. Bu sebeple uygunsuzdur. | M8: YÜKSEK | N8: Orhan KARABA | O8: 31.12.2026 | P8: Açık | R8: Tank: FORMALDEHIT TANKI-5 | Hacim: 511.0 m³
A9: TANK-008 | B9: Tank Muayene | C9: POLİSAN | D9: Gümüş Tesisi | F9: 101.0 | I9: Muayene Uygunsuzluğu | J9: Durum: Uygun Değil | K9: Periyodik muayene yetersizliği; teknik uygunsuzluk riski | L9: Sadece inservice raporu bulunmaktadır. Out of sevice raporu da olmalıdır. Bu sebeple uygunsuzdur. | M9: YÜKSEK | N9: Orhan KARABA | O9: 31.12.2026 | P9: Açık | R9: Tank: FORMALDEHIT TANKI-6 | Hacim: 115.0 m³
A10: TANK-009 | B10: Tank Muayene | C10: POLİSAN | D10: Gümüş Tesisi | F10: 300.0 | I10: Muayene Uygunsuzluğu | J10: Durum: Uygun Değil | K10: Periyodik muayene yetersizliği; teknik uygunsuzluk riski | L10: Sadece inservice raporu bulunmaktadır. Out of sevice raporu da olmalıdır. Bu sebeple uygunsuzdur. | M10: YÜKSEK | N10: Orhan KARABA | O10: 31.12.2026 | P10: Açık | R10: Tank: FORMALDEHIT TANKI-8 | Hacim: 100.0 m³
A11: TANK-011 | B11: Tank Muayene | C11: POLİSAN | D11: Gümüş Tesisi | F11: 702.0 | I11: Muayene Uygunsuzluğu | J11: Durum: Uygunsuz | K11: Periyodik muayene yetersizliği; teknik uygunsuzluk riski | L11: Sadece inservice raporu bulunmaktadır. Out of sevice raporu da olmalıdır. Bu sebeple uygunsuzdur. | M11: ORTA | N11: Orhan KARABA | O11: 31.12.2026 | P11: Açık | R11: Tank: FENOL TANKI | Hacim: 119.0 m³
A12: TANK-014 | B12: Tank Muayene | C12: POLİSAN | D12: Gümüş Tesisi | F12: 704.0 | I12: Muayene Uygunsuzluğu | J12: Durum: Uygun Değil | K12: Periyodik muayene yetersizliği; teknik uygunsuzluk riski | L12: TANK KOROZYON KAYNAKLI INSPECTION YAPILAMAMIŞTIR. KUMLAMA BOYA GEREKLİDİR. | M12: YÜKSEK | N12: Orhan KARABA | O12: 31.12.2026 | P12: Açık | R12: Tank: KONDENS TANKI | Hacim: 13.0 m³
A13: TANK-016 | B13: Tank Muayene | C13: POLİSAN | D13: Gümüş Tesisi | F13: 102.0 | I13: Muayene Uygunsuzluğu | J13: Durum: Kontrolü yok | K13: Periyodik muayene yetersizliği; teknik uygunsuzluk riski | M13: ORTA | N13: Orhan KARABA | O13: 31.12.2026 | P13: Açık | R13: Tank: SU TANKI | Hacim: 115.0 m³
A14: TANK-061 | B14: Tank Muayene | C14: POLİSAN | D14: ADR Tank Sahası | F14: 201 | I14: Muayene Uygunsuzluğu | J14: Durum: Uygun Değil | K14: Periyodik muayene yetersizliği; teknik uygunsuzluk riski | L14: Sadece inservice raporu bulunmaktadır. Out of sevice raporu da olmalıdır. Bu sebeple uygunsuzdur. | M14: YÜKSEK | N14: Orhan KARABA | O14: 31.12.2026 | P14: Açık | R14: Tank: FORMALDEHİT TANKI | Hacim: 270 m³
A15: TANK-062 | B15: Tank Muayene | C15: POLİSAN | D15: ADR Tank Sahası | F15: 301 | I15: Muayene Uygunsuzluğu | J15: Durum: Uygun Değil | K15: Periyodik muayene yetersizliği; teknik uygunsuzluk riski | L15: Sadece inservice raporu bulunmaktadır. Out of sevice raporu da olmalıdır. Bu sebeple uygunsuzdur. | M15: YÜKSEK | N15: Orhan KARABA | O15: 31.12.2026 | P15: Açık | R15: Tank: FORMALDEHIT TANKI-2 | Hacim: 289 m³
A16: TANK-063 | B16: Tank Muayene | C16: POLİSAN | D16: ADR Tank Sahası | F16: 302 | I16: Muayene Uygunsuzluğu | J16: Durum: Uygun Değil | K16: Periyodik muayene yetersizliği; teknik uygunsuzluk riski | L16: Sadece inservice raporu bulunmaktadır. Out of sevice raporu da olmalıdır. Bu sebeple uygunsuzdur. | M16: YÜKSEK | N16: Orhan KARABA | O16: 31.12.2026 | P16: Açık | R16: Tank: FORMALDEHIT TANKI-3 | Hacim: 289 m³
A17: TANK-064 | B17: Tank Muayene | C17: POLİSAN | D17: ADR Tank Sahası | F17: 501 | I17: Muayene Uygunsuzluğu | J17: Durum: Uygun Değil | K17: Periyodik muayene yetersizliği; teknik uygunsuzluk riski | L17: Sadece inservice raporu bulunmaktadır. Out of sevice raporu da olmalıdır. Bu sebeple uygunsuzdur. | M17: YÜKSEK | N17: Orhan KARABA | O17: 31.12.2026 | P17: Açık | R17: Tank: FORMALDEHIT TANKI-4 | Hacim: 510 m³
A18: TANK-065 | B18: Tank Muayene | C18: POLİSAN | D18: ADR Tank Sahası | F18: 502 | I18: Muayene Uygunsuzluğu | J18: Durum: Uygun Değil | K18: Periyodik muayene yetersizliği; teknik uygunsuzluk riski | L18: Sadece inservice raporu bulunmaktadır. Out of sevice raporu da olmalıdır. Bu sebeple uygunsuzdur. | M18: YÜKSEK | N18: Orhan KARABA | O18: 31.12.2026 | P18: Açık | R18: Tank: FORMALDEHIT TANKI-5 | Hacim: 511 m³
A19: TANK-066 | B19: Tank Muayene | C19: POLİSAN | D19: ADR Tank Sahası | F19: 101 | I19: Muayene Uygunsuzluğu | J19: Durum: Uygun Değil | K19: Periyodik muayene yetersizliği; teknik uygunsuzluk riski | L19: Sadece inservice raporu bulunmaktadır. Out of sevice raporu da olmalıdır. Bu sebeple uygunsuzdur. | M19: YÜKSEK | N19: Orhan KARABA | O19: 31.12.2026 | P19: Açık | R19: Tank: FORMALDEHIT TANKI-6 | Hacim: 115 m³
A20: TANK-067 | B20: Tank Muayene | C20: POLİSAN | D20: ADR Tank Sahası | F20: 300 | I20: Muayene Uygunsuzluğu | J20: Durum: Uygun Değil | K20: Periyodik muayene yetersizliği; teknik uygunsuzluk riski | L20: Sadece inservice raporu bulunmaktadır. Out of sevice raporu da olmalıdır. Bu sebeple uygunsuzdur. | M20: YÜKSEK | N20: Orhan KARABA | O20: 31.12.2026 | P20: Açık | R20: Tank: FORMALDEHIT TANKI-8 | Hacim: 100 m³
A21: TANK-069 | B21: Tank Muayene | C21: POLİSAN | D21: ADR Tank Sahası | F21: 702 | I21: Muayene Uygunsuzluğu | J21: Durum: Uygunsuz | K21: Periyodik muayene yetersizliği; teknik uygunsuzluk riski | L21: Sadece inservice raporu bulunmaktadır. Out of sevice raporu da olmalıdır. Bu sebeple uygunsuzdur. | M21: ORTA | N21: Orhan KARABA | O21: 31.12.2026 | P21: Açık | R21: Tank: FENOL TANKI | Hacim: 119 m³
A22: TANK-071 | B22: Tank Muayene | C22: POLİSAN | D22: ADR Tank Sahası | F22: 704 | I22: Muayene Uygunsuzluğu | J22: Durum: Uygun Değil | K22: Periyodik muayene yetersizliği; teknik uygunsuzluk riski | L22: TANK KOROZYON KAYNAKLI INSPECTION YAPILAMAMIŞTIR. KUMLAMA BOYA GEREKLİDİR. | M22: YÜKSEK | N22: Orhan KARABA | O22: 31.12.2026 | P22: Açık | R22: Tank: KONDENS TANKI | Hacim: 13 m³
A23: TANK-073 | B23: Tank Muayene | C23: POLİSAN | D23: ADR Tank Sahası | F23: 102 | I23: Muayene Uygunsuzluğu | J23: Durum: Kontrolü yok | K23: Periyodik muayene yetersizliği; teknik uygunsuzluk riski | M23: ORTA | N23: Orhan KARABA | O23: 31.12.2026 | P23: Açık | R23: Tank: SU TANKI | Hacim: 115 m³
A24: A-001 | B24: HAZOP 2026 | C24: POLİSANK | D24: Gümüş Tesisi | G24: 1 | H24: 22 | I24: 2.1 IPL - Temel Proses Kontrol Sistemi | J24: BV-016 tag numaralı manuel vananın operatör tarafından açık bırakılması hatası (Tankerden tanka dolum) | K24: BV-016 tag numaralı manuel vananın operatör tarafından açık bırakılması hatası sonucu T-303 tankında seviye yükselmesine bağlı taşma ile yangın ve patlama riski veya toksik yayılım ve kimyasal maruziyet riski | L24: T-303 tag numaralı tankın üzerinde mevcut olan LS-01 tag numaralı seviye sivicinden tank içerisinde seviyenin yüksek olduğunu algılaması sonucu FCV-07 VE FCV-08 VE FCV-10 proses kontrol vanaları PLC üzerinden otomatik olarak P-05 tag numaralı pompa driverdan durdurulacaktır. | M24: YÜKSEK | N24: Orhan KARABA | P24: Açık
A25: A-002 | B25: HAZOP 2026 | C25: POLİSANK | D25: Gümüş Tesisi | G25: 1 | H25: 21, 22 | I25: 3. IPL - SIS | J25: BV-016 tag numaralı manuel vananın operatör tarafından açık bırakılması hatası (Tankerden tanka dolum) | K25: BV-016 tag numaralı manuel vananın operatör tarafından açık bırakılması hatası sonucu T-303 tankında seviye yükselmesine bağlı taşma ile yangın ve patlama riski veya toksik yayılım ve kimyasal maruziyet riski | L25: T-303 tag numaralı tankın üzerine konulacak olan LS-02 tag numaralı SIL sertifikalı seviye transmitteri/çatal tipli seviye sivicinden tankın içerisinde yüksek seviye olmasını algılaması sonucu LAHH alarmı üzerinde safety PLC üzerinden P-05 tag numaralı PLe/d sertifikalı kontaktörden pompanın enerjisi kesilecektir. | M25: KRİTİK | N25: Orhan KARABA | P25: Açık
A26: A-003 | B26: HAZOP 2026 | C26: POLİSANK | D26: Gümüş Tesisi | G26: 1 | H26: 21, 22 | I26: 4. IPL - Fiziksel Bariyer | J26: BV-016 tag numaralı manuel vananın operatör tarafından açık bırakılması hatası (Tankerden tanka dolum) | K26: BV-016 tag numaralı manuel vananın operatör tarafından açık bırakılması hatası sonucu T-303 tankında seviye yükselmesine bağlı taşma ile yangın ve patlama riski veya toksik yayılım ve kimyasal maruziyet riski | L26: T-303 tag numaralı tankın etrafında taşmanın tamamını alacak kapasitede tank havuzu mevcuttur. T-303 tag numaralı tankın etrafında taşmanın tamamını alacak ve ayrıca 24 yılda yağacak en fazla yağmur suyunu veya itfaiyenin sıkacağı söndürme suyunu alabilecek kapasitede tank havuzu mevcuttur.Tank havuzunun sızdırmazlığı ve statik yüke dayanımı ile ilgili rapor alınacaktır. | M26: ORTA | N26: Orhan KARABA | P26: Açık
A27: A-004 | B27: HAZOP 2026 | C27: POLİSANK | D27: Gümüş Tesisi | G27: 1 | H27: 17, 18, 19, 28 | I27: 4. IPL - Fiziksel Bariyer | J27: Tankerden T-303 tag numaralı tanka dolum yapılırken topraklama bağlantısı yapılmadan tanker vanasının açılması hatası (Tankerden Tanka Dolum) | K27: Tankerden T-303 tag numaralı tanka dolum yapılırken topraklama bağlantısı yapılmadan tanker vanasının açılması hatası sonucunda statik elektrik nedeni ile yangın ve patlama riski | L27: T-303 tag numaralı tanka besleme yapan P-05 tag numaralı pompanın besleme debileri IEC 60079-32-1 standartına uygun şekilde sınırlandırılacaktır. Doğrusal akış hızı hiçbir zaman 7 m/s'yi aşmamalıdır. Düşük iletkenlikli sıvıların kısa (N=1), sabit yatay eksenli tanklara 40'lık borularla yüklenmesi için hız ve dolum oranı sınırları 60079-32-1 7.3.2.3.5.3 sabit tanklar için limitlere göre hesaplanmalıdır ve Tablo 10’da belirtilen limit değerleri aşmadığı raporlanmalıdır. Pompa debileri hesaplanılan | M27: ORTA | N27: Orhan KARABA | P27: Açık
A28: A-005 | B28: HAZOP 2026 | C28: POLİSANK | D28: Gümüş Tesisi | G28: 1 | H28: 18, 19, 28 | I28: 4. IPL - Fiziksel Bariyer | J28: Tankerden T-303 tag numaralı tanka dolum yapılırken topraklama bağlantısı yapılmadan tanker vanasının açılması hatası (Tankerden Tanka Dolum) | K28: Tankerden T-303 tag numaralı tanka dolum yapılırken topraklama bağlantısı yapılmadan tanker vanasının açılması hatası sonucunda statik elektrik nedeni ile yangın ve patlama riski | L28: T-303 tag nolu tankında statik elektriği önlemek üzere eşbara potansiyel topraklama mevcuttur. Ara atlamalar yapılacaktır | M28: ORTA | N28: Orhan KARABA | P28: Açık
A29: A-006 | B29: HAZOP 2026 | C29: POLİSANK | D29: Gümüş Tesisi | G29: 1 | H29: 11, 17 | I29: 4. IPL - Fiziksel Bariyer | J29: P-05 tag numaralı pompa kapatma hatası vererek çalışmaya devam etmesi üzerine hatta yüksek akış sebebiyle statik elektriklenme hatası (Tankerden Tanka Dolum) | K29: P-05 tag numaralı pompa kapatma hatası vererek çalışmaya devam etmesi üzerine hatta yüksek akış sebebiyle statik elektriklenme hatası sonucu tank içinde yangın ve patlama | L29: T-303 tag nolu tankında statik elektriği önlemek üzere eşbara potansiyel topraklama mevcuttur ve ara atlamalar tamamlanacaktır. | M29: ORTA | N29: Orhan KARABA | P29: Açık
A30: A-007 | B30: HAZOP 2026 | C30: POLİSANK | D30: Gümüş Tesisi | G30: 1 | H30: 14, 15 | I30: 2.1 IPL - Temel Proses Kontrol Sistemi | J30: T-303 tankından (P-01den P-05 e) pompalar ile tesise metanol gönderilirken N2PRV-001 tag numaralı azot regülatörü arızası | K30: T-303 tankından (P-01den P-05 e) pompalar ile tesise metanol gönderilirken N2PRV-001 tag numaralı azot regülatörü arızası ile azot basıncının azalması ile T-303 tag numaralı ekipmanda vakum oluşumu sonucu bütünlük kaybı ile yangın ve patlama ihtimali | L30: T-303 tag numaralı tank üzerine konulacak olan XXX tag numaralı basınç transmitteri tankta -0.2 mbar basıncı algılaması sonucu PLC üzerinden otomatik olarak DN25-PPG-005-CS line numaralı hattında yedeklenecek olan XX tag numaralı azot regülatörü devreye alınarak azot beslemesi sağlanacaktır. (2.1. IPL) | M30: YÜKSEK | N30: Orhan KARABA | P30: Açık
A31: A-008 | B31: HAZOP 2026 | C31: POLİSANK | D31: Gümüş Tesisi | G31: 1, 2 | H31: Node 1: 1, 2, 3, 7, 8, 9, 10, 12, 15, 30 Node 2: 10 | I31: 4. IPL - Fiziksel Bariyer | J31: T-303 tankından (P-01den P-05 e) pompalar ile tesise metanol gönderilirken N2PRV-001 tag numaralı azot regülatörü arızası | K31: T-303 tankından (P-01den P-05 e) pompalar ile tesise metanol gönderilirken N2PRV-001 tag numaralı azot regülatörü arızası ile azot basıncının azalması ile T-303 tag numaralı ekipmanda vakum oluşumu sonucu bütünlük kaybı ile yangın ve patlama ihtimali | L31: T-303 tag numaralı tankın etrafında taşmanın tamamını alacak kapasitede tank havuzu mevcuttur. T-303 tag numaralı tankın etrafında taşmanın tamamını alacak ve ayrıca 24 yılda yağacak en fazla yağmur suyunu veya itfaiyenin sıkacağı söndürme suyunu alabilecek kapasitede tank havuzu mevcuttur. Tank havuzunun sızdırmazlığı ve statik yüke dayanımı ile ilgili rapor alınacaktır. Aynı zamanda toksik olan metanol buharının etrafa yayılmaması için tank havuzuna köpük basılması için aksiyon alınacaktır. | M31: ORTA | N31: Orhan KARABA | P31: Açık
A32: A-009 | B32: HAZOP 2026 | C32: POLİSANK | D32: Gümüş Tesisi | G32: 1 | H32: 15 | I32: 4. IPL - Fiziksel Bariyer | J32: T-303 tankından (P-01den P-05 e) pompalar ile tesise metanol gönderilirken N2PRV-001 tag numaralı azot regülatörü arızası | K32: T-303 tankından (P-01den P-05 e) pompalar ile tesise metanol gönderilirken N2PRV-001 tag numaralı azot regülatörü arızası ile azot basıncının azalması ile T-303 tag numaralı ekipmanda vakum oluşumu sonucu bütünlük kaybı ile yangın ve patlama ihtimali | L32: PV-01/PV-02 tag numaralı vakum kırıcı emniyet ventili mevcuttur. Emniyet ventillerinin validasyon ve verifikasyonu yapılmalıdır. | M32: ORTA | N32: Orhan KARABA | P32: Açık
A33: A-010 | B33: HAZOP 2026 | C33: POLİSANK | D33: Gümüş Tesisi | G33: 1 | H33: 16 | I33: 2.1 IPL - Temel Proses Kontrol Sistemi | J33: TK-1201 tag numaralı azot tankının seviyesinin operatör tarafından müdahale edilmeme hatası | K33: TK-1201 tag numaralı azot tankının seviyesinin operatör tarafından müdahale edilmeme hatası sonucu azot girişinin olmaması ile T-303 tag numaralı ekipmanda oksijen girişi yangın ve patlama ihtimali | L33: TK-1201 tag numaralı azot tankı üzerine konulacak olan XXXXX tag numaralı basınç/seviye transmitterinden (seviyenin %40 olması) algılaması sonucu PLC üzerinden alarm üzerine DN25-PPG-005-CS line üzerinde bulunan FCV-03 tag numaralı proses kontrol vanası açık kalması sağlanacak ancak T-303 tankında basıncın artması sonucu kapalı kalması sağlanacaktır. | M33: YÜKSEK | N33: Orhan KARABA | P33: Açık
A34: A-011 | B34: HAZOP 2026 | C34: POLİSANK | D34: Gümüş Tesisi | G34: 1 | H34: 16 | I34: 2.2 IPL - Operatör Eylemi | J34: TK-1201 tag numaralı azot tankının seviyesinin operatör tarafından müdahale edilmeme hatası | K34: TK-1201 tag numaralı azot tankının seviyesinin operatör tarafından müdahale edilmeme hatası sonucu azot girişinin olmaması ile T-303 tag numaralı ekipmanda oksijen girişi yangın ve patlama ihtimali | L34: TK-1201 tag numaralı azot tankı üzerine konulacak olan XXX tag numaralı basınç/seviye transmitterinden (seviyenin %50 olması) algılaması sonucu PLC üzerinden alarm üzerine HABAŞ tarafına sipariş oluşturulması sağlanacaktır. | M34: YÜKSEK | N34: Orhan KARABA | P34: Açık
A35: A-012 | B35: HAZOP 2026 | C35: POLİSANK | D35: Gümüş Tesisi | G35: 1 | H35: 14 | I35: 4. IPL - Fiziksel Bariyer | J35: N2PRV-001 tag numaralı azot regülatörü arızası ile ekipmana oksijen girişi hatası | K35: N2PRV-001 tag numaralı azot regülatörü arızası ile azot basıncının azalması ile T-303 tag numaralı ekipmanda oksijen girişi hatası sonucu yangın ve patlama ihtimali | L35: DN25-PPG-005-CS line numaralı hatta XX tag numaralı azot regülatörü takılacaktır (regülatör yedeklenecektir). | M35: ORTA | N35: Orhan KARABA | P35: Açık
A36: A-013 | B36: HAZOP 2026 | C36: POLİSANK | G36: 1 | H36: 8, 9 | I36: 3. IPL - SIS | J36: LS-01 seviye sivici hatası (Komşu Tesisten Tanka Dolum) | K36: LS-01 seviye sivici hatası sonucu T-303 tag numaralı tankında seviye yükselmesine bağlı taşma ile çevreye yayılma sonucu yangın ve patlama riski veya toksik yayılım ve kimyasal maruziyet riski | L36: SIL seviyesindeki taşma kontrol sisteminin validasyon ve verifikasyonu yapılarak SRS dokümanı hazırlanması gerekmektedir ayrıca FSA-1 den FSA-5 e kadar yaşam döngüsü kurulacaktır ve proof testler yapılacaktır. | M36: KRİTİK | N36: Orhan KARABA | P36: Açık
A37: A-014 | B37: HAZOP 2026 | C37: POLİSANK | G37: 1 | H37: 7, 12 | I37: 2.1 IPL - Temel Proses Kontrol Sistemi | J37: TK75PMP (310047013) tag numaralı poliport metanol besleme pompasının mekaniksel olarak açık kalması hatası (Komşu Tesisten Tanka Dolum) | K37: TK75PMP (310047013) tag numaralı poliport metanol besleme pompasının mekaniksel olarak açık kalması hatası sonucu T-303 tag numaralı tankında seviye yükselmesine bağlı taşma ile yangın ve patlama riski veya toksik yayılım ve kimyasal maruziyet riski | L37: T-303 tag numaralı tankın üzerinde bulunan LS-01 tag numaralı seviye switchinden tank içerisinde seviyenin yüksek olduğunu algılaması sonucu PLC üzerinden sesli ve ışıklı alarm vererek operatör tarafından komşu tesis ile iletişime geçilir ve komşu tesis pompasının şalterden enerjisi kesilerek kapatacaktır. LS-01 tag numaralı seviye switchinden LSHH-01 sinyali alınarak PLC üzerinden otomatik olarak FCV-02 tag numaralı proses kontrol vanası kapatılacaktır. . | M37: YÜKSEK | N37: Orhan KARABA | P37: Açık
A38: A-015 | B38: HAZOP 2026 | C38: POLİSANK | G38: 1 | H38: 7 | I38: 3. IPL - SIS | J38: TK75PMP (310047013) tag numaralı poliport metanol besleme pompasının mekaniksel olarak açık kalması hatası (Komşu Tesisten Tanka Dolum) | K38: TK75PMP (310047013) tag numaralı poliport metanol besleme pompasının mekaniksel olarak açık kalması hatası sonucu T-303 tag numaralı tankında seviye yükselmesine bağlı taşma ile yangın ve patlama riski veya toksik yayılım ve kimyasal maruziyet riski | L38: SIL2 seviyesindeki taşma kontrol sisteminin validasyon ve verifikasyonu yapılarak SRS dokümanı hazırlanması gerekmektedir ayrıca FSA-1 den FSA-5 e kadar yaşam döngüsü kurulacaktır ve proof testler yapılacaktır. | M38: KRİTİK | N38: Orhan KARABA | P38: Açık
A39: A-016 | B39: HAZOP 2026 | C39: POLİSANK | G39: 1 | H39: 10 | I39: 4. IPL - Fiziksel Bariyer | J39: T-303 tag numaralı tanka ait PV-01 tag numaralı basınç ventili tıkanması hatası (Komşu Tesisten Tanka Dolum) | K39: T-303 tag numaralı tanka ait PV-01 tag numaralı basınç ventilinin operatör tarafından bakım/onarım esnasında veya herhangi bir sebeple tıkanması ile tankı vakuma girmesi sonucunda tankta bütünlük kaybıyla sızıntı ile yangın ve patlama riski veya toksik yayılım ve kimyasal maruziyet riski | L39: PV-02 tag numaralı emniyet ventili mevcuttur vakuma girmesi durumunda açılarak basınç dengesi oluşturulacaktır. Emniyet ventillerinin validasyon ve verifikasyonu yapılacaktır. | M39: ORTA | N39: Orhan KARABA | P39: Açık
A40: A-017 | B40: HAZOP 2026 | C40: POLİSANK | G40: 1 | H40: 9 | I40: 2.1 IPL - Temel Proses Kontrol Sistemi | J40: LT-01 seviye transmitteri hatası (Komşu Tesisten Tanka Dolum) | K40: LT-01 seviye transmitteri hatası sonucu T-303 tag numaralı tankında seviye yükselmesine bağlı taşma ile yangın ve patlama riski veya toksik yayılım ve kimyasal maruziyet riski | L40: T-303 tag numaralı tankın üzerinde bulunan LS-01 tag numaralı seviye sivicinden tank içerisinde seviyenin yüksek olduğunu algılaması sonucu PLC üzerinden otomatik olarak FCV-02 tag numaralı proses kontrol vanasını kapatacaktır. Ayriyeten gelen alarm üzerine ve hattın basınca uğramaması için operatör komşu tesis ile iletişime geçerek TK75PMP (310047013) tag numaralı poliport metanol besleme pompasını kapattıracaktır. | M40: YÜKSEK | N40: Orhan KARABA | P40: Açık
A41: A-018 | B41: HAZOP 2026 | C41: POLİSANK | D41: Oksit Tesisi | E41: Harici Senaryolar | G41: 7 | H41: 42 | I41: 2.2 IPL - Operatör Eylemi | J41: C101 absorbsiyon kolonu üzerinde bulunan LHS-102 tag numaralı seviye switchi hatası | K41: C101 absorbsiyon kolonu üzerinde bulunan LHS-102 tag numaralı seviye switchi hatası sonucunda C101 absorbsiyon kolonunda seviye artışına bağlı T-101 - T-104 tag numaralı evaporatörüne doğru hattı basınçlandırması sonucu sıcaklık artışı ile patlama riski | L41: P-103a tag numaralı pompanın başlatma hatası veya driver hatası durumunda otomasyonda FG-109 tag numaralı inventörden algılayarak PLC üzerinden alarm oluşturur ve operatör tarafından P103b veya P-104 tag numaralı sirkülasyon pompası manuel olarak devreye alınacaktır. | M41: YÜKSEK | N41: Orhan KARABA | P41: Açık
A42: A-019 | B42: HAZOP 2026 | C42: POLİSANK | D42: Oksit Tesisi | E42: Harici Senaryolar Oksit Tesisi | G42: 7 | H42: 11, 12, 13, 14, 36, 37, 42, 64, 67 | I42: 3. IPL - SIS | J42: C101 absorbsiyon kolonu üzerinde bulunan LHS-102 tag numaralı seviye switchi hatası | K42: C101 absorbsiyon kolonu üzerinde bulunan LHS-102 tag numaralı seviye switchi hatası sonucunda C101 absorbsiyon kolonunda seviye artışına bağlı T-101 - T-104 tag numaralı evaporatörüne doğru hattı basınçlandırması sonucu sıcaklık artışı ile patlama riski | L42: T-201 - T-204 tag numaralı evaporatörün çıkışına SIL 2 sertifikalı XX tag numaralı basınç transmiteri eklenecektir. XX tag numaralı basınç transmiterinden yüksek basınç sinyal algılanarak safety PLC üzerinden otomatik olarak P-101a ve P-101b tag numaralı pompalara eklenecek PLd kontaktörü kapatılacaktır. Ayrıca DN50-MeOH.01-126-SS line numaralı boru hattı üzerinde mevcut olan SIL 2 sertifikalı ESDV-101 proses kontrol vanası otomatik olarak kapatılacaktır. | M42: KRİTİK | N42: Orhan KARABA | P42: Açık
A43: A-020 | B43: HAZOP 2026 | C43: POLİSANK | D43: Oksit Tesisi | E43: Harici Senaryolar Oksit Tesisi | G43: 7 | H43: 38, 39, 40, 42, 45, 46, 47, 64, 67 | I43: 4. IPL - Fiziksel Bariyer | J43: C101 absorbsiyon kolonu üzerinde bulunan LHS-102 tag numaralı seviye switchi hatası | K43: C101 absorbsiyon kolonu üzerinde bulunan LHS-102 tag numaralı seviye switchi hatası sonucunda C101 absorbsiyon kolonunda seviye artışına bağlı T-101 - T-104 tag numaralı evaporatörüne doğru hattı basınçlandırması sonucu sıcaklık artışı ile patlama riski | L43: T-101 - T-104 tag numaralı evaporatör üzerine proses koşullarına uygun patlama diskleri entegre edilecektir. İlgili patlama disklerinin tahliyesi, tasarım tahliye koşulları esas alınarak gerçekleştirilecek gaz dispersiyon analizi ile uygunluğu doğrulanan güvenli bir tahliye noktasına yönlendirilmeli; atmosferik tahliyenin kabul edilebilir bulunmaması halinde ise yeterli kapasiteye sahip bir scrubber sistemine bağlanmalıdır. Seçilen tahliye yönteminden bağımsız olarak, sistemin tasarım ve perform | M43: ORTA | N43: Orhan KARABA | P43: Açık
A44: A-021 | B44: HAZOP 2026 | C44: POLİSANK | D44: Oksit Tesisi | E44: Harici Senaryolar | G44: 7 | H44: 15, 17, 22, 23, 24, 25, 26, 27, 28, 29, 30, 31, 32, 33, 34, 35 | I44: 3. IPL - SIS | J44: R101 icindeki soğutma serpantinin tıkanması veya performansının düşmesi | K44: R101 icindeki soğutma serpantinin tıkanması veya performansının düşmesi ile R-101 tag numaralı reaktördeki tüpler etrafında sıcaklığın yükselmesi sonucu reaksiyon sıcaklığı artarak çıkış sıcaklığını artırır ve basınç artışı oluşturur. Metanol alev alma ve patlama riski | L44: R-101 tag numaralı reaktöre SIL sertifikalı XX tag numaralı sıcaklık transmiteri eklenecektir. XX tag numaralı sıcaklık transmiterinden sinyal algılanarak safety PLC üzerinden otomatik olarak P-101a ve P-101b tag numaralı pompalara eklenecek PLd kontaktörü kapatılacaktır. Ayrıca DN50-MeOH.01-126-SS line numaralı boru hattı üzerinde mevcut olan ESDV-101 tag numaralı SIL sertifikalı proses kontrol vanası otomatik olarak kapatılacaktır. Ayrıca V101, V102, V103 fanlarına PLd sertifikalı safety konta | M44: KRİTİK | N44: Orhan KARABA | P44: Açık
A45: A-022 | B45: HAZOP 2026 | C45: POLİSANK | D45: Oksit Tesisi | E45: Harici Senaryolar | G45: 7 | H45: 13, 14, 15, 16, 20, 21, 31, 32, 33 | I45: 4. IPL - Fiziksel Bariyer | J45: R101 icindeki soğutma serpantinin tıkanması veya performansının düşmesi | K45: R101 icindeki soğutma serpantinin tıkanması veya performansının düşmesi ile R-101 tag numaralı reaktördeki tüpler etrafında sıcaklığın yükselmesi sonucu reaksiyon sıcaklığı artarak çıkış sıcaklığını artırır ve basınç artışı oluşturur. Metanol alev alma ve patlama riski | L45: T-101 - T-104 tag numaralı evaporatör üzerine proses koşullarına uygun patlama diskleri entegre edilecektir. İlgili patlama disklerine ait validasyon ve verifikasyon hesapları yapılarak dokümante edilecektir. | M45: ORTA | N45: Orhan KARABA | P45: Açık
A46: A-023 | B46: HAZOP 2026 | C46: POLİSANK | D46: Oksit Tesisi | E46: Harici Senaryolar | G46: 7 | H46: 22, 23, 24, 25, 26, 27, 28, 29, 30, 34, 35 | I46: 4. IPL - Fiziksel Bariyer | J46: LIS-101 tag numaralı Seviye Sensörü, Trasmiteri ve İndikatörü (Genel) Hatası | K46: LIS-101 tag numaralı Seviye Sensörü, Trasmiteri ve İndikatörü (Genel) Hatası sebebiyle S-101 Buhar su ayırıcı (Buhar Tankı) düşük su seviyesi farkedilemez ve reaktöre yeterli soğutma suyu beslenemez, eriyik tuz sıcaklığı artar ve reaksiyon sıcaklığı yükselir, ardından metanol alev alır, ani basınç yükselmesi ve fiziksel patlama meydana gelme riski | L46: R-101 tag numaralı reaktörün üzerinde patlama diski mevcuttur. Patlama diskinin tahliyesi, tasarım tahliye koşulları esas alınarak gerçekleştirilecek gaz dispersiyon analizi ile uygunluğu doğrulanan güvenli bir tahliye noktasına yönlendirilmeli; atmosferik tahliyenin kabul edilebilir bulunmaması halinde ise yeterli kapasiteye sahip bir scrubber sistemine bağlanmalıdır. Seçilen tahliye yönteminden bağımsız olarak, sistemin tasarım ve performans yeterliliği validasyon ve verifikasyon çalışmaları i | M46: ORTA | N46: Orhan KARABA | P46: Açık
A47: A-024 | B47: HAZOP 2026 | C47: POLİSANK | D47: Oksit Tesisi | E47: Harici Senaryolar | G47: 7 | H47: 5, 6, 7, 8 | I47: 4. IPL - Fiziksel Bariyer | J47: P-101a tag numaralı pompa basarken CHV-01.011, BV-01.129 veya BV-01.127 tag numaralı manuel vananın mekaniksel olarak kapalı kalması hatası | K47: P-101a tag numaralı pompa basarken CHV-01.011, BV-01.129 veya BV-01.127 tag numaralı manuel vananın mekaniksel olarak kapalı kalması hatası sebebiyle DN25-MeOH.01-117-SS, DN25-MeOH.01-116-SS ve DN25-MeOH.01-115-SS line numaralı boru hattının basınçlanması sonucu boru hattından sızıntı, yangın ve patlama riski. | L47: P-101a ve P-101b tag numaralı pompanın üzerinde PTC motor sıcaklık sensörü konulacaktır. Kumanda devresi üzerinden pompa otomatik durdurulacaktır. | M47: ORTA | N47: Orhan KARABA | P47: Açık
A48: A-025 | B48: HAZOP 2026 | C48: POLİSANK | D48: Oksit Tesisi | E48: Harici Senaryolar | G48: 7 | H48: 18, 19 | I48: 3. IPL - SIS | J48: DN25-MeOH.01-117-SS, DN25-MeOH.01-116-SS ve DN25-MeOH.01-115-SS line numaralı boru hattı üzerinde bulunan CHV-01.011, BV-01.129 veya BV-01.127 tag numaralı manuel vananın mekaniksel olarak yarı kapalı konumda kalması hatası | K48: DN25-MeOH.01-117-SS, DN25-MeOH.01-116-SS ve DN25-MeOH.01-115-SS line numaralı boru hattı üzerinde bulunan CHV-01.011, BV-01.129 veya BV-01.127 tag numaralı manuel vananın mekaniksel olarak yarı kapalı konumda kalması hatası sebebiyle T-102 tag numaralı ısı rekuperatörüne beslenme yapılamaması ve eşanjör içerisindeki formaldehitin paraformaldehite dönüşmesi ile tüplerde yaşanan tıkanma sonucu metanol beslemesinin yapılmasıyla T-102 tag numaralı ısı rekuperatörünün basınçlanması sızıntı, yangın ve | L48: T-102 tag numaralı eşanjöre SIL 2 sertifikalı XX tag numaralı sıcaklık transmiteri eklenecektir. XX tag numaralı sıcaklık transmiterinden sinyal algılanarak safety PLC üzerinden otomatik olarak P-101a ve P-101b tag numaralı pompalara eklenecek PLd kontaktörü kapatılacaktır. Ayrıca V101, V102, V103 fanlarına PLd sertifikalı safety kontaktör takılarak kapatılması da sağlanmalıdır. | M48: KRİTİK | N48: Orhan KARABA | P48: Açık
A49: A-026 | B49: HAZOP 2026 | C49: POLİSANK | D49: Oksit Tesisi | E49: Harici Senaryolar | G49: 7 | H49: 17, 18, 19 | I49: 4. IPL - Fiziksel Bariyer | J49: DN25-MeOH.01-117-SS, DN25-MeOH.01-116-SS ve DN25-MeOH.01-115-SS line numaralı boru hattı üzerinde bulunan CHV-01.011, BV-01.129 veya BV-01.127 tag numaralı manuel vananın mekaniksel olarak yarı kapalı konumda kalması hatası | K49: DN25-MeOH.01-117-SS, DN25-MeOH.01-116-SS ve DN25-MeOH.01-115-SS line numaralı boru hattı üzerinde bulunan CHV-01.011, BV-01.129 veya BV-01.127 tag numaralı manuel vananın mekaniksel olarak yarı kapalı konumda kalması hatası sebebiyle T-102 tag numaralı ısı rekuperatörüne beslenme yapılamaması ve eşanjör içerisindeki formaldehitin paraformaldehite dönüşmesi ile tüplerde yaşanan tıkanma sonucu metanol beslemesinin yapılmasıyla T-102 tag numaralı ısı rekuperatörünün basınçlanması sızıntı, yangın ve | L49: T-102 tag numaralı ısı rekuperatörü üzerinde patlama diskleri mevcuttur. İlgili patlama disklerine ait validasyon ve verifikasyon hesapları yapılarak dokümante edilecektir. | M49: ORTA | N49: Orhan KARABA | P49: Açık
A50: A-027 | B50: HAZOP 2026 | C50: POLİSANK | D50: Oksit Tesisi | E50: Harici Senaryolar | G50: 7 | H50: 10 | I50: 4. IPL - Fiziksel Bariyer | J50: P 101a tag numaralı pompanın kapatma hatası | K50: P 101a tag numaralı pompanın kapatma hatası sonucu MeOH.01-115-SS line numaralı boru hattında yüksek akış ile birlikte statik elektriklenme sonucu T-101 ve T-104 tag numaralı evaporatör içinde yangın ve patlama riski | L50: T-101 ve T-104 tag numaralı evaporatöre besleme yapan P-101a ve P-101b tag numaralı pompalarının besleme debileri IEC 60079-32-1 standartına uygun şekilde sınırlandırılacaktır. Doğrusal akış hızı hiçbir zaman 7 m/s'yi aşmamalıdır. Düşük iletkenlikli sıvıların kısa (N=1), sabit yatay eksenli tanklara 40'lık borularla yüklenmesi için hız ve dolum oranı sınırları 60079-32-1 7.3.2.3.5.3 sabit tanklar için limitlere göre hesaplanmış ve Tablo 10’da belirtilen limit değerleri aşmadığı raporlanacaktır. | M50: ORTA | N50: Orhan KARABA | P50: Açık
A51: A-028 | B51: HAZOP 2026 | C51: POLİSANK | D51: Gümüş Tesisi | G51: 1 | H51: 26 | I51: 2.2 IPL - Operatör Eylemi | J51: F-05 tag numaralı filtrenin tıkanması hatası (Tankerden tanka dolum) | K51: F-05 tag numaralı filtrenin tıkanması hatası sonucu P-05 tag numaralı pompanın kuru çalışma hatası sonucu pompada olası yangın ve patlama | L51: T-303 tag numaralı tankın üzerinde mevcut olan LT-01 tag numaralı seviye treansmitterinden seviye artışı olmadığı bilgisi alınarak PLC üzerinden alarm üzerine operatör tarafından P-05 tag numaralı pompanın şalterden enerjisi kesilecektir. | M51: YÜKSEK | N51: Orhan KARABA | P51: Açık
A52: A-029 | B52: HAZOP 2026 | C52: POLİSANK | D52: Gümüş Tesisi | G52: 1 | H52: 23, 24, 25, 26 | I52: 4. IPL - Fiziksel Bariyer | J52: F-05 tag numaralı filtrenin tıkanması hatası (Tankerden tanka dolum) | K52: F-05 tag numaralı filtrenin tıkanması hatası sonucu P-05 tag numaralı pompanın kuru çalışma hatası sonucu pompada olası yangın ve patlama | L52: Pano içerisinde kuru çalışma rölesi eklenerek PT-05 tag numaralı pompa kuru çalışmaya karşı korunacaktır. | M52: ORTA | N52: Orhan KARABA | P52: Açık
A53: A-030 | B53: HAZOP 2026 | C53: POLİSANK | D53: Gümüş Tesisi | G53: 1 | H53: 23, 24, 25, 26 | I53: 4. IPL - Fiziksel Bariyer | J53: F-05 tag numaralı filtrenin tıkanması hatası (Tankerden tanka dolum) | K53: F-05 tag numaralı filtrenin tıkanması hatası sonucu P-05 tag numaralı pompanın kuru çalışma hatası sonucu pompada olası yangın ve patlama | L53: PT-05 tag numaralı pompa üzerinde mevcutta olan sıcaklık sensörü pompanın elektrik motorunun ısınması durumunda sürücüsünden kapatılacaktır. | M53: ORTA | N53: Orhan KARABA | P53: Açık
A54: A-031 | B54: HAZOP 2026 | C54: POLİSANK | D54: Gümüş Tesisi | G54: 1 | H54: 27 | I54: 4. IPL - Fiziksel Bariyer | J54: Tankerden operatör hatası sonucu T-303 tag numaralı tanka yanlış kimyasal dolumu (yanlış tanka dolum yapılması) hatası | K54: Tankerden operatör hatası sonucu T-303 tag numaralı tanka yanlış kimyasal dolumu (yanlış tanka dolum yapılması) hatası sonucu olası R-801 tag numaralı reaktöre beslenmesi sonucu beklenmedik reaksiyon ile yangın ve patlama | L54: Tanker şoförü tarafından T-303 tag numaralı tanka yanlış boşaltım yapılmaması için tank giriş sahası kartlı giriş ile kontrol altına alınacaktır. | M54: ORTA | N54: Orhan KARABA | P54: Açık
A55: A-032 | B55: HAZOP 2026 | C55: POLİSANK | D55: Gümüş Tesisi | G55: 1 | H55: 27 | I55: 4. IPL - Fiziksel Bariyer | J55: Tankerden operatör hatası sonucu T-303 tag numaralı tanka yanlış kimyasal dolumu (yanlış tanka dolum yapılması) hatası | K55: Tankerden operatör hatası sonucu T-303 tag numaralı tanka yanlış kimyasal dolumu (yanlış tanka dolum yapılması) hatası sonucu olası R-801 tag numaralı reaktöre beslenmesi sonucu beklenmedik reaksiyon ile yangın ve patlama | L55: T-303 tag numaralı tanka yanlış tanker boşaltımını engellemek için tank boşaltıma alanında renklendirme yapılmıştır. Tankerin yaklaştığı alandaki zemin ve boru hatları kimyasala göre renklendirimiş ve tankerin yanlış alana yanaşması engellenecektir. | M55: ORTA | N55: Orhan KARABA | P55: Açık
A56: A-033 | B56: HAZOP 2026 | C56: POLİSANK | D56: Gümüş Tesisi | G56: 1 | H56: 29 | I56: 4. IPL - Fiziksel Bariyer | J56: P-05 tag numaralı pompa basarken FCV-10 tag numaralı proses kontrol vanasının mekanik olarak kapalı kalması hatası | K56: P-05 tag numaralı pompa basarken FCV-10 tag numaralı proses kontrol vanasının mekanik olarak kapalı kalması hatası sonucu DN80-MeOH-043-SS line numaralı hatta sızıntı ile çevreye yayılma sonucu yangın ve patlama riski veya toksik yayılım ve kimyasal maruziyet riski | L56: P-05 tag numaralı pompa yüksek akış sonucu termik atması sağlanacaktır. Termik set değeri ayarlanacaktır. | M56: ORTA | N56: Orhan KARABA | P56: Açık
A57: A-034 | B57: HAZOP 2026 | C57: POLİSANK | D57: Gümüş Tesisi | G57: 1 | H57: 29 | I57: 4. IPL - Fiziksel Bariyer | J57: P-05 tag numaralı pompa basarken FCV-10 tag numaralı proses kontrol vanasının mekanik olarak kapalı kalması hatası | K57: P-05 tag numaralı pompa basarken FCV-10 tag numaralı proses kontrol vanasının mekanik olarak kapalı kalması hatası sonucu DN80-MeOH-043-SS line numaralı hatta sızıntı ile çevreye yayılma sonucu yangın ve patlama riski veya toksik yayılım ve kimyasal maruziyet riski | L57: DN80-MeOH-043-SS line numaralı hatta PSV-02 tag numaralı basınç emniyeti mevcuttur. Basınç emniyet ventillerine ait validasyon ve verifikasyon belgeleri alınacaktır. | M57: ORTA | N57: Orhan KARABA | P57: Açık
A58: A-035 | B58: HAZOP 2026 | C58: POLİSANK | D58: Gümüş Tesisi | G58: 1 | H58: 1, 2, 3, 30 | I58: 3. IPL - SIS | J58: P-05 tag numaralı pompanın kapatma hatası (Tankerden tanka dolum) | K58: P-05 tag numaralı pompanın kapatma hatası sonucu T-303 tankında seviye yükselmesine bağlı taşma ile çevreye yayılma sonucu yangın ve patlama riski veya toksik yayılım ve kimyasal maruziyet riski | L58: SIL seviyesindeki taşma kontrol sisteminin validasyon ve verifikasyonu yapılarak SRS dokümanı hazırlanması gerekmektedir. Ayrıca FSA-1 den FSA-5 e kadar yaşam döngüsü kurulacaktır ve proof testler yapılacaktır. | M58: KRİTİK | N58: Orhan KARABA | P58: Açık
A59: A-036 | B59: HAZOP 2026 | C59: POLİSANK | D59: Gümüş Tesisi | G59: 1 | H59: 4, 5, 6 | I59: 4. IPL - Fiziksel Bariyer | J59: DN80-MeOH-002-CS line numaralı hat üzerinde bulunan FCV-02 tag numaralı proses kontrol vanasının mekaniksel olarak kapalı kalması hatası (Komşu Tesisten Tanka Dolum) | K59: TK75PMP tag numaralı pompa basarken FCV-02 tag numaralı proses kontrol vanasının mekaniksel olarak kapalı kalması hatası sonucu DN80-MeOH-002-CS line numaralı hatta sızıntı ile yangın ve patlama riski veya toksik yayılım ve kimyasal maruziyet riski | L59: TK75PMP tag numaralı pompadan DN80-MeOH-001-CS ve DN80-MeOH-002-CS hatların olduğu kısım dike içerisinde olup, döküntü toplanmaktadır. Tank havuzunun sızdırmazlığı ve statik yüke dayanımı ile ilgili rapor alınacaktır. Aynı zamanda toksik olan metanol buharının etrafa yayılmaması için tank havuzuna köpük basılması için aksiyon alınacaktır. | M59: ORTA | N59: Orhan KARABA | P59: Açık
A60: A-037 | B60: HAZOP 2026 | C60: POLİSANK | G60: 2 | H60: 4, 5 | I60: 4. IPL - Fiziksel Bariyer | J60: Operatör tarafından V-804 buharlaştırıcısına ait BV-8026 veya BV-8058 tag numaralı manuel dreyn vananın açık bırakılması hatası (Tanktan V-804 tag Numaralı Buharlaştırıcıya Dolum) | K60: Operatör tarafından V-804 buharlaştırıcısına ait BV-8026 veya BV-8058 tag numaralı manuel dreyn vananın açık bırakılması hatası sonucu reaktörden kimyasal sızıntısı ile çevreye yayılma sonucu çevresel kirlilik riski veya yangın ve patlama riski veya toksik yayılım ve kimyasal maruziyet riski | L60: V-804 tag nolu buharlaştırıcıda bulunan BV-8026 ve BV-8058 tag numaralı manuel dreyn vana sonrasına deadman vana eklenecektir. | M60: ORTA | N60: Orhan KARABA | P60: Açık
A61: A-038 | B61: HAZOP 2026 | C61: POLİSANK | D61: Oksit Tesisi | E61: Metanol Tankından R-101 Reaktörüne Transfer | G61: 2, 7 | H61: Node 2: 11, 12, 13, 14 Node 7: 1 | I61: 2.2 IPL - Operatör Eylemi | J61: P-03 tag numaralı pompa emme yaparken F-03 tag numaralı filtrenin tıkanma hatası (Tanktan V-804 Tag Numaralı Buharlaştırıcıya Dolum) | K61: P-03 tag numaralı pompa emme yaparken F-03 tag numaralı filtrenin tıkanma hatası sonucu P-03 tag numaralı pompanın kuru çalışması sonucu pompada kavitasyon ve yangın riski veya ekipmanda deformasyon riski | L61: DN25-MeOH-028-SS veya DN25-MeOH-030-SS line numaralı hat üzerinde bulunan FT-02 tag numaralı akış transmitterinden hiç akış algılayarak DCS üzerinden sesli ve ışıklı alarm vererek operatör tarafından P-03 veya P-04 tag numaralı pompa durdurulacaktır. | M61: YÜKSEK | N61: Orhan KARABA | P61: Açık
A62: A-039 | B62: HAZOP 2026 | C62: POLİSANK | G62: 2 | H62: 11, 12, 13, 14 | I62: 4. IPL - Fiziksel Bariyer | J62: P-03 tag numaralı pompa emme yaparken F-03 tag numaralı filtrenin tıkanma hatası (Tanktan V-804 Tag Numaralı Buharlaştırıcıya Dolum) | K62: P-03 tag numaralı pompa emme yaparken F-03 tag numaralı filtrenin tıkanma hatası sonucu P-03 tag numaralı pompanın kuru çalışması sonucu pompada kavitasyon ve yangın riski veya ekipmanda deformasyon riski | L62: Pano içerisinde kuru çalışma rölesi eklenerek P-03 tag numaralı pompa kuru çalışmaya karşı korunacaktır. | M62: ORTA | N62: Orhan KARABA | P62: Açık
A63: A-040 | B63: HAZOP 2026 | C63: POLİSANK | G63: 2 | H63: 11, 12, 13, 14 | I63: 4. IPL - Fiziksel Bariyer | J63: P-03 tag numaralı pompa emme yaparken F-03 tag numaralı filtrenin tıkanma hatası (Tanktan V-804 Tag Numaralı Buharlaştırıcıya Dolum) | K63: P-03 tag numaralı pompa emme yaparken F-03 tag numaralı filtrenin tıkanma hatası sonucu P-03 tag numaralı pompanın kuru çalışması sonucu pompada kavitasyon ve yangın riski veya ekipmanda deformasyon riski | L63: P-03 tag numaralı pompa üzerinde mevcutta olan sıcaklık sensörü pompa motorunun ısınması durumunda sürücüsünden kapatılacaktır. | M63: ORTA | N63: Orhan KARABA | P63: Açık
A64: A-041 | B64: HAZOP 2026 | C64: POLİSANK | D64: Oksit Tesisi | E64: Metanol Tankından R-101 Reaktörüne Transfer | G64: 7 | H64: 1, 2, 3, 4 | I64: 4. IPL - Fiziksel Bariyer | J64: P-101a tag numaralı pompa emme yaparken BV-01.135 tag numaralı manuel vananın operatör tarafından kapalı bırakılması hatası | K64: P-101a tag numaralı pompa emme yaparken BV-01.135 tag numaralı manuel vananın operatör tarafından kapalı bırakılması hatası sonucu P-101a tag numaralı tag numaralı pompanın kuru çalışması sonucu pompada kavitasyon ve yangın riski veya ekipmanda deformasyon riski | L64: P-101a ve P-101b tag numaralı pompanın üzerinde PTC motor sıcaklık sensörü konulacaktır. Kumanda devresi üzerinden pompa otomatik durduracaktır. | M64: ORTA | N64: Orhan KARABA | P64: Açık
A65: A-042 | B65: HAZOP 2026 | C65: POLİSANK | D65: Oksit Tesisi | E65: Metanol Tankından R-101 Reaktörüne Transfer | G65: 7 | H65: 1, 2, 3, 4 | I65: 4. IPL - Fiziksel Bariyer | J65: P-101a tag numaralı pompa emme yaparken BV-01.135 tag numaralı manuel vananın operatör tarafından kapalı bırakılması hatası | K65: P-101a tag numaralı pompa emme yaparken BV-01.135 tag numaralı manuel vananın operatör tarafından kapalı bırakılması hatası sonucu P-101a tag numaralı tag numaralı pompanın kuru çalışması sonucu pompada kavitasyon ve yangın riski veya ekipmanda deformasyon riski | L65: P-101a ve P-101b tag numaralı pompanın kuru çalışma koruma rölesi konulacaktır. Elektromekanik cihaz, sistemdeki basıncın varlığını kontrol eder. Basınç eşiğin altına düşer düşmez güç devresi kesilir, pompa çalışmayı durdurur. | M65: ORTA | N65: Orhan KARABA | P65: Açık
A66: A-043 | B66: HAZOP 2026 | C66: POLİSANK | G66: 2 | H66: 24, 25, 40, 41 | I66: 3. IPL - SIS | J66: P-03 tag numaralı pompa basarken BV-8008, BV-8009, BV-8011 veya BV-8012 tag numaralı manuel vananın operatör tarafından kapalı bırakılması hatası (Tanktan V-804 tag Numaralı Buharlaştırıcıya Dolum) | K66: P-03 tag numaralı pompa basarken BV-8008, BV-8009, BV-8011 veya BV-8012 tag numaralı manuel vananın operatör tarafından kapalı bırakılması hatası nedeniyle V-804 tag numaralı metanol buharlaştırıcısının metanol, hava ve oksijen molar oranı değişmesi ile metanol buharlaştırıcısı içerisinde oluşan karışımın patlayıcı ortam limitleriyle tutuşma sonucu yangın ve patlama riski veya toksik yayılım ve kimyasal maruziyet riski | L66: V-804 tag numaralı metanol buharlaştırıcısının üzerinde bulunan LS-809 tag numaralı SIL 2 sertifikalı seviye çatal tipli seviye sivicinden buharlaştırıcının içerisinde yüksek seviye olmasını algılaması sonucu LSHH alarmı üzerinde safety PLC üzerinden ESD-03 ve ESDV-801 ve ESDV-802 ve ESDV-803 tag numaralı SIL sertifikalı proses kontrol vanaları kapatılmaktadır. P-03 ve P-04 pompalarını Ple veya PLd sertifikalı safety kontaktör takılarak enerjisi kesilecektir. | M66: KRİTİK | N66: Orhan KARABA | P66: Açık
A67: A-044 | B67: HAZOP 2026 | C67: POLİSANK | G67: 2 | H67: 24, 25 | I67: 4. IPL - Fiziksel Bariyer | J67: P-03 tag numaralı pompa basarken BV-8008, BV-8009, BV-8011 veya BV-8012 tag numaralı manuel vananın operatör tarafından kapalı bırakılması hatası (Tanktan V-804 tag Numaralı Buharlaştırıcıya Dolum) | K67: P-03 tag numaralı pompa basarken BV-8008, BV-8009, BV-8011 veya BV-8012 tag numaralı manuel vananın operatör tarafından kapalı bırakılması hatası nedeniyle V-804 tag numaralı metanol buharlaştırıcısının metanol, hava ve oksijen molar oranı değişmesi ile metanol buharlaştırıcısı içerisinde oluşan karışımın patlayıcı ortam limitleriyle tutuşma sonucu yangın ve patlama riski veya toksik yayılım ve kimyasal maruziyet riski | L67: BV-8008 ve BV-8009 ve BV-8010 ve BV-8011 ve BV-8012 ve BV-8013 tag numaralı manuel vanalara EKED/LOTO prosedürü uygulanacaktır. | M67: ORTA | N67: Orhan KARABA | P67: Açık
A68: A-045 | B68: HAZOP 2026 | C68: POLİSANK | G68: 2 | H68: 15, 16, 17, 18, 28, 29, 30, 32, 33 | I68: 3. IPL - SIS | J68: PT-817 tag numaralı basınç transmiteri hatası (Tanktan V-804 Tag Numaralı Buharlaştırıcıya Dolum) | K68: PT-817 tag numaralı basınç transmiteri hatası nedeniyle V-804 tag numaralı metanol buharlaştırıcısında metanol su buharı sebebiyle basınç artışına bağlı olarak yangın ve patlama riski veya toksik yayılım ve kimyasal maruziyet riski | L68: R-801 tag numaralı reaktör üzerinde bulunan PT-824 tag numaralı SIL 2 sertifikalı basınç transmitteri reaktör içerisinde yüksek basınç olmasını algılaması sonucu PIC-814 alarmı üzerinde safety PLC üzerinden ESD-03 ve ESDV-801 ve ESDV-802 ve ESDV-803 tag numaralı SIL sertifikalı proses kontrol vanaları kapatılmaktadır. Validasyon ve verifikasyon alınacaktır. | M68: KRİTİK | N68: Orhan KARABA | P68: Açık
A69: A-046 | B69: HAZOP 2026 | C69: POLİSANK | D69: Gümüş Tesisi | G69: 2, 3, 4, 5 | H69: Node 2: 15, 16, 17, 18, 19, 20, 21, 22, 23, 27, 28, 29, 30, 31, 32, 33, 34, 35, 36, 37, 38, 39, 40, 41 Node 3: 6, 7, 8, 9, 12, 14, 16, 17 Node 4: 18 Node 5: 1, 2, 3, 4 | I69: 4. IPL - Fiziksel Bariyer | J69: PT-817 tag numaralı basınç transmiteri hatası (Tanktan V-804 Tag Numaralı Buharlaştırıcıya Dolum) | K69: PT-817 tag numaralı basınç transmiteri hatası nedeniyle V-804 tag numaralı metanol buharlaştırıcısında metanol su buharı sebebiyle basınç artışına bağlı olarak yangın ve patlama riski veya toksik yayılım ve kimyasal maruziyet riski | L69: R-801 tag numaralı reaktörde bulunan RD-801 tag numaralı patlama diskinin tahliyesi, tasarım tahliye koşulları esas alınarak gerçekleştirilecek gaz dispersiyon analizi ile uygunluğu doğrulanan güvenli bir tahliye noktasına yönlendirilmeli; atmosferik tahliyenin kabul edilebilir bulunmaması halinde ise yeterli kapasiteye sahip bir scrubber sistemine bağlanmalıdır. Seçilen tahliye yönteminden bağımsız olarak, sistemin tasarım ve performans yeterliliği validasyon ve verifikasyon çalışmaları ile doğ | M69: ORTA | N69: Orhan KARABA | P69: Açık
A70: A-047 | B70: HAZOP 2026 | C70: POLİSANK | G70: 2 | H70: 15, 18, 21, 23, 26, 27, 35 | I70: 3. IPL - SIS | J70: PT-817 tag numaralı basınç transmitteri hatası (Tanktan V-804 Tag Numaralı Buharlaştırıcıya Dolum) | K70: PT-817 tag numaralı basınç transmitteri hatası sonucu V-804 tag numaralı metanol buharlaştırıcısında oluşan yüksek basıncın ters akış oluşturması sebebiyle B-802 tag numaralı blowera kimyasal buharının karışması riski sebebiyle hava beslemesinin durması sebebiyle V-804 tag numaralı buharlaştırıcıda taşma sonucu yangın, patlama veya toksik yayılım ve kimyasal maruziyet riski | L70: V-804 tag numaralı metanol buharlaştırıcısının üzerinde bulunan LS-809 tag numaralı SIL 2 sertifikalı seviye çatal tipli seviye sivicinden buharlaştırıcının içerisinde yüksek seviye olmasını algılaması sonucu LSHH alarmı üzerinde safety PLC üzerinden ESDV-801 ve ESDV-802 ve ESDV-803 tag numaralı SIL sertifikalı proses kontrol vanaları kapatılmaktadır. Validasyon ve verifikasyon alınacaktır. | M70: KRİTİK | N70: Orhan KARABA | P70: Açık
A71: A-048 | B71: HAZOP 2026 | C71: POLİSANK | G71: 2 | H71: 36, 37, 38, 39 | I71: 4. IPL - Fiziksel Bariyer | J71: BFV-814, BFV-815 veya BFV-816 tag numaralı manuel vananın operatör tarafından kapalı bırakılması hatası (Tanktan V-804 Tag Numaralı Buharlaştırıcıya Dolum) | K71: BFV-814, BFV-815 veya BFV-816 tag numaralı manuel vananın operatör tarafından kapalı bırakılması hatası nedeniyle DN200-MeOH.08-003-SS line numaralı hatta sızıntı ile çevreye yayılma sonucu çevresel kirlilik riski veya yangın ve patlama riski veya toksik yayılım ve kimyasal maruziyet riski | L71: P-802 ve P-803 tag numaralı pompa üzerinde mevcutta olan sıcaklık sensörü pompanın ısınması durumunda sürücüsünden kapatılacaktır. | M71: ORTA | N71: Orhan KARABA | P71: Açık
A72: A-049 | B72: HAZOP 2026 | C72: POLİSANK | D72: Gümüş Tesisi | E72: TANKIN SICAKLIK SENSÖRÜ ÇALIŞILACAK | G72: 1 | H72: 33 | I72: 2.1 IPL - Temel Proses Kontrol Sistemi | J72: PT-03 tag numaralı basınç transmitteri hatası | K72: PT-03 tag numaralı basınç transmitteri hatası ile T-303 tag numaralı metanol tankı içerisinde yüksek basınç sonucu kimyasalın çevreye yayılma sonucu yangın ve patlama riski veya toksik yayılım ve kimyasal maruziyet riski | L72: T-303 tag numaralı metanol tankı üzerinde bulunan PT-04 tag numaralı basınç transmitterinin azot yastıklama operasyonu sonucu fazla basıncı algılaması üzerine PLC üzerinden otomatik olarak FCV-03 tag numaralı proses kontrol vanası kapatılacaktır. | M72: YÜKSEK | N72: Orhan KARABA | P72: Açık
A73: A-050 | B73: HAZOP 2026 | C73: POLİSANK | D73: Gümüş Tesisi | E73: TANKIN SICAKLIK SENSÖRÜ ÇALIŞILACAK | G73: 1 | H73: 33 | I73: 4. IPL - Fiziksel Bariyer | J73: PT-03 tag numaralı basınç transmitteri hatası | K73: PT-03 tag numaralı basınç transmitteri hatası ile T-303 tag numaralı metanol tankı içerisinde yüksek basınç sonucu kimyasalın çevreye yayılma sonucu yangın ve patlama riski veya toksik yayılım ve kimyasal maruziyet riski | L73: T-303 tag numaralı metanol tankında basıncın artması durumunda PV-01 ve PV-02 tag numaralı basınç emniyet ventilleri mevcuttur. PV tahliye hatları, tasarım tahliye koşulları esas alınarak gerçekleştirilecek gaz dispersiyon analizi ile uygunluğu doğrulanmış güvenli tahliye noktasına yönlendirilmeli veya atmosferik tahliyenin kabul edilebilir olmadığı durumlarda ise yeterli kapasitedeki scrubber sistemine bağlanmalıdır. Emniyet ventillerinin validasyon ve verifikasyonu yapılacaktır. | M73: ORTA | N73: Orhan KARABA | P73: Açık
A74: A-051 | B74: HAZOP 2026 | C74: POLİSANK | D74: Gümüş Tesisi | E74: TANKIN SICAKLIK SENSÖRÜ ÇALIŞILACAK | G74: 1 | H74: 32, 33 | I74: 4. IPL - Fiziksel Bariyer | J74: PT-03 tag numaralı basınç transmitteri hatası | K74: PT-03 tag numaralı basınç transmitteri hatası ile T-303 tag numaralı metanol tankı içerisinde yüksek basınç sonucu kimyasalın çevreye yayılma sonucu yangın ve patlama riski veya toksik yayılım ve kimyasal maruziyet riski | L74: T-303 tankına ait patlama diski mevcuttur. Patlama kapakları için validasyon ve verifikasyon belgeleri alınacaktır. | M74: ORTA | N74: Orhan KARABA | P74: Açık
A75: A-052 | B75: HAZOP 2026 | C75: POLİSANK | D75: Gümüş Tesisi | E75: TANKIN SICAKLIK SENSÖRÜ ÇALIŞILACAK | G75: 1 | H75: 31, 32 | I75: 4. IPL - Fiziksel Bariyer | J75: Hava şartları nedeniyle T-303 tag numaralı tankında sıcaklık artışı hatası | K75: Hava şartları nedeniyle T-303 tag numaralı tankında sıcaklık artışı hatası ile çevreye yayılma sonucu yangın ve patlama riski veya toksik yayılım ve kimyasal maruziyet riski | L75: T-303 tag numaralı metanol tankında sıcaklık artışı sonucu basıncında artması durumunda PV-01 ve PV-02 tag numaralı basınç emniyet ventilleri mevcuttur. PV tahliye hatları, tasarım tahliye koşulları esas alınarak gerçekleştirilecek gaz dispersiyon analizi ile uygunluğu doğrulanmış güvenli tahliye noktasına yönlendirilmeli veya atmosferik tahliyenin kabul edilebilir olmadığı durumlarda ise yeterli kapasitedeki scrubber sistemine bağlanmalıdır. Emniyet ventillerinin validasyon ve verifikasyonu yap | M75: ORTA | N75: Orhan KARABA | P75: Açık
A76: A-053 | B76: HAZOP 2026 | C76: POLİSANK | D76: Gümüş Tesisi | E76: TANKIN SICAKLIK SENSÖRÜ ÇALIŞILACAK | G76: 1 | H76: 34 | I76: 2.1 IPL - Temel Proses Kontrol Sistemi | J76: FCV-026 tag numaralı proses kontrol vanasının kapalı kalma hatası | K76: DN50-MeOH-044-SS gaz geri dönüş hattında bulunan FCV-026 tag numaralı proses kontrol vanasının kapalı kalma hatası ile tankerin vakuma girmesi sonucu çevreye yayılma sonucu yangın ve patlama riski veya toksik yayılım ve kimyasal maruziyet riski | L76: DN50-MeOH-044-SS tag numaralı line üzerinde bulunan FCV-26 tag numaralı proses kontrol vanasının pozisyoneri PLC üzerinden açık bilgisi gelmeden P-05 tag numaralı pompa tankerden tanka operasyonu başlatılmayacaktır. (2.1. IPL) | M76: YÜKSEK | N76: Orhan KARABA | P76: Açık
A77: A-054 | B77: HAZOP 2026 | C77: POLİSANK | D77: Gümüş Tesisi | E77: TANKIN SICAKLIK SENSÖRÜ ÇALIŞILACAK | G77: 1 | H77: 34 | I77: 2.2 IPL - Operatör Eylemi | J77: FCV-026 tag numaralı proses kontrol vanasının kapalı kalma hatası | K77: DN50-MeOH-044-SS gaz geri dönüş hattında bulunan FCV-026 tag numaralı proses kontrol vanasının kapalı kalma hatası ile tankerin vakuma girmesi sonucu çevreye yayılma sonucu yangın ve patlama riski veya toksik yayılım ve kimyasal maruziyet riski | L77: P-05 tag numaralı pompanın emiş debisi 25 m3/h e düşürülerek tanka dolum süresi arttırılacak ve operatöre müdahale süresi olan en az 20 dakika sağlanarak PT-012 tag numaralı basınç transmittterinin PLC üzerinden pompayı otomatik olarak sürücüsünden kapatılmama durumunda operatör tarafından kapatılacaktır. | M77: YÜKSEK | N77: Orhan KARABA | P77: Açık
A78: A-055 | B78: HAZOP 2026 | C78: POLİSANK | D78: Gümüş Tesisi | E78: TANKIN SICAKLIK SENSÖRÜ ÇALIŞILACAK | G78: 1 | H78: 34 | I78: 2.2 IPL - Operatör Eylemi | J78: FCV-026 tag numaralı proses kontrol vanasının kapalı kalma hatası | K78: DN50-MeOH-044-SS gaz geri dönüş hattında bulunan FCV-026 tag numaralı proses kontrol vanasının kapalı kalma hatası ile tankerin vakuma girmesi sonucu çevreye yayılma sonucu yangın ve patlama riski veya toksik yayılım ve kimyasal maruziyet riski | L78: PT-012 tag numaralı basınç transmitteri P&ID üzerinde gözükmemektedir ancak otomasyonda mevcuttur ve alarm ürettiği beyan edilmiştir. (P&ID revize edilecektir) | M78: YÜKSEK | N78: Orhan KARABA | P78: Açık
A79: A-056 | B79: HAZOP 2026 | C79: POLİSANK | D79: Gümüş Tesisi | E79: TANKIN SICAKLIK SENSÖRÜ ÇALIŞILACAK | G79: 1 | H79: 34 | I79: 4. IPL - Fiziksel Bariyer | J79: FCV-026 tag numaralı proses kontrol vanasının kapalı kalma hatası | K79: DN50-MeOH-044-SS gaz geri dönüş hattında bulunan FCV-026 tag numaralı proses kontrol vanasının kapalı kalma hatası ile tankerin vakuma girmesi sonucu çevreye yayılma sonucu yangın ve patlama riski veya toksik yayılım ve kimyasal maruziyet riski | L79: ADR kapsamında vakum kırıcı olmayan tanker kabul edilmeyecektir. Tesise kabul edilmeden önce vakum kırıcıya ait validasyon ve verifikasyon talep edilerek raporu olmayan ADR tankeri tesisie kabul edilmeyeceği şekilde prosedür düzenlenecektir. | M79: ORTA | N79: Orhan KARABA | P79: Açık
A80: A-057 | B80: HAZOP 2026 | C80: POLİSANK | G80: 2 | H80: 1 | I80: 2.1 IPL - Temel Proses Kontrol Sistemi | J80: P-03 tag numaralı pompa kapatma hatası vererek çalışmaya devam etmesi üzerine hatta yüksek akış sebebiyle statik elektriklenme hatası (Tanktan V-804 Tag Numaralı Buharlaştırıcıya Dolum) | K80: P-03 tag numaralı pompa kapatma hatası vererek çalışmaya devam etmesi üzerine hatta yüksek akış sebebiyle statik elektriklenme hatası sonucu V-804 tag numaralı buharlaştırıcı içinde yangın ve patlama riski | L80: V-804 tag numaralı buharlaştırıcıya oksijen, metanol ve su oranını ayarlamak üzere interlok mevcuttur ancak oksijen, metanol ve su buharı için set değeri analiz edilerek sınırlandırılmalıdır. FT-804 tag numaralı akış transmiterinden ve PT-818 tag numaralı basınç transmitterinden yüksek akış sinyali alınıp PLC üzerinden otomatik olarak B-802 tag numaralı blower hızı azaltılmakta veya enerjisi kesilerek durdurulacaktır. (2.1. IPL) | M80: YÜKSEK | N80: Orhan KARABA | P80: Açık
A81: A-058 | B81: HAZOP 2026 | C81: POLİSANK | G81: 2 | H81: 3 | I81: 2.2 IPL - Operatör Eylemi | J81: LS-804 tag numaralı seviye sivici hatası (Tanktan V-804 tag Numaralı Buharlaştırıcıya Dolum) | K81: LS-804 tag numaralı seviye sivici hatası sonucu V-804 tag numaralı buharlaştırıcının seviyesinin düşük iken yüksek göstermesi hatası ve boş buharlaştırıcıda seviye düşük iken besleme yapılması sırasında statik elektriklenme oluşması ile yangın ve patlama riski | L81: Suyun otomatik çalışmaması durumunda V-804 buharlaştırıcı üzerinde bulunan LT-802 tag numaralı seviye sivici PLC üzerinden düşük seviye algılaması üzerine su pompası operatör müdahalesi ile başlatılmaktadır. Start-up aşamasında LT-802 tag numaralı seviye sivicinden alarm üzerine P-805 A ve B pompaları çalıştırılamayacak şekilde interlok ataması sağlanacaktır. | M81: YÜKSEK | N81: Orhan KARABA | P81: Açık
A82: A-059 | B82: HAZOP 2026 | C82: POLİSANK | D82: Gümüş Tesisi | G82: 1 | H82: 37 | I82: 2.2 IPL - Operatör Eylemi | J82: DN25-PPG-005-CS line numaralı hat üzerinde bulunan FCV-03 tag numaralı proses kontrol vanasının kapalı kalma hatası | K82: DN25-PPG-005-CS line numaralı hat üzerinde bulunan FCV-03 tag numaralı proses kontrol vanasının kapalı kalma hatası sonucu tankta azot yastıklaması olmaması sebebiyle kimyasalın oksijenle buluşması sonucu T-303 tag numaralı tankta yangın ve patlama riski | L82: DN25-PPG-005-CS line numaralı hat üzerinde bulunan FT-01 tag numaralı akış transmitterinden hiç akış algılaması üzerine PLC üzerinden sesli ve ışıklı alarm vererek azot regülatörü öncesine kurulacak olan bypass hattında konumlandırılacak olan manuel vanaların operatör tarafından açılması sağlanacaktır. | M82: YÜKSEK | N82: Orhan KARABA | P82: Açık
A83: A-060 | B83: HAZOP 2026 | C83: POLİSANK | D83: Gümüş Tesisi | G83: 1 | H83: 13, 35, 36, 37 | I83: 4. IPL - Fiziksel Bariyer | J83: DN25-PPG-005-CS line numaralı hat üzerinde bulunan FCV-03 tag numaralı proses kontrol vanasının kapalı kalma hatası | K83: DN25-PPG-005-CS line numaralı hat üzerinde bulunan FCV-03 tag numaralı proses kontrol vanasının kapalı kalma hatası sonucu tankta azot yastıklaması olmaması sebebiyle kimyasalın oksijenle buluşması sonucu T-303 tag numaralı tankta yangın ve patlama riski | L83: T-303 tag numaralı tankında patlama diski mevcuttur Validasyon ve verifikasyon yapılacaktır. | M83: ORTA | N83: Orhan KARABA | P83: Açık
A84: A-061 | B84: HAZOP 2026 | C84: POLİSANK | D84: Gümüş Tesisi | G84: 1 | H84: 35, 36, 37 | I84: 4. IPL - Fiziksel Bariyer | J84: DN25-PPG-005-CS line numaralı hat üzerinde bulunan FCV-03 tag numaralı proses kontrol vanasının kapalı kalma hatası | K84: DN25-PPG-005-CS line numaralı hat üzerinde bulunan FCV-03 tag numaralı proses kontrol vanasının kapalı kalma hatası sonucu tankta azot yastıklaması olmaması sebebiyle kimyasalın oksijenle buluşması sonucu T-303 tag numaralı tankta yangın ve patlama riski | L84: PV-01 ve PV-02 tag numaralı emniyet ventili mevcuttur. Basınç yükselmesi durumunda hat açılıp basınç düşürülecektir. PV tahliye hatları, tasarım tahliye koşulları esas alınarak gerçekleştirilecek gaz dispersiyon analizi ile uygunluğu doğrulanmış güvenli tahliye noktasına yönlendirilmeli veya atmosferik tahliyenin kabul edilebilir olmadığı durumlarda ise yeterli kapasitedeki scrubber sistemine bağlanmalıdır. Emniyet ventillerinin validasyon ve verifikasyonu yapılacaktır. | M84: ORTA | N84: Orhan KARABA | P84: Açık
A85: A-062 | B85: HAZOP 2026 | C85: POLİSANK | D85: Gümüş Tesisi | G85: 1 | H85: 35, 36 | I85: 2.2 IPL - Operatör Eylemi | J85: DN25-PPG-005-CS line numaralı hat üzerinde bulunan BV-04 tag numaralı manuel vananın operatör tarafından kapalı kalma hatası | K85: DN25-PPG-005-CS line numaraı hat üzerinde bulunan BV-04 tag numaralı manuel vananın kapalı kalma hatası sonucu tankta azot yastıklaması olmaması sebebiyle kimyasalın oksijenle buluşması sonucu T-303 tag numaralı tankta yangın ve patlama riski | L85: DN25-PPG-005-CS line numaralı hat üzerinde bulunan FT-01 tag numaralı akış transmitteri hat üzerinde hiç akış algılaması üzerine PLC üzerinden sesli ve ışıklı alarm vererek operatör tarafından manuel vana açılacaktır. | M85: YÜKSEK | N85: Orhan KARABA | P85: Açık
A86: A-063 | B86: HAZOP 2026 | C86: POLİSANK | G86: 2 | H86: 20, 21, 22, 34 | I86: 3. IPL - SIS | J86: B-802 tag numaralı blower hatası (Tanktan V-804 Tag Numaralı Buharlaştırıcıya Dolum) | K86: B-802 tag numaralı blower hatası sonucu V-804 tag numaralı metanol buharlaştırıcısına hava beslenmemesi ile oksijen molar oranı oluşmaması sebebiyle metanol buharlaştırıcıda metanol su beslenmeye devam ederek taşma sonucu yangın ve patlama riski veya toksik yayılım ve kimyasal maruziyet riski | L86: DN250-A.08-027-SS line numaralı hat üzerine kurulacak olan SIL sertifikalı oksijen analizörü ile hat içerisinde yüksek basınç olmasını algılaması sonucu alarm üzerine safety PLC üzerinden XXX tag numaralı ESD vanası kapatılarak oksijen girişi engellenecektir. Validasyon ve verifikasyon alınacaktır. | M86: KRİTİK | N86: Orhan KARABA | P86: Açık
A87: A-064 | B87: HAZOP 2026 | C87: POLİSANK | G87: 2 | H87: 27 | I87: 2.1 IPL - Temel Proses Kontrol Sistemi | J87: LS-801 tag numaralı seviye sivici hatası (Tanktan V-804 Tag Numaralı Buharlaştırıcıya Dolum) | K87: LS-801 tag numaralı seviye sivici hatası hatası sonucu B-802 tag numaralı blowera su kaçması sonucu hava beslemesinin durması sebebiyle V-804 tag numaralı buharlaştırıcıda taşma sonucu yangın, patlama veya toksik yayılım ve kimyasal maruziyet riski | L87: V-805 tag numaralı su tankı üzerinde mevcut olan LS-811 tag numaralı seviye sivicinden yüksek seviye algılayarak PLC üzerinden otomatik olarak B-802 tag numaralı blower durdurulacaktır. (2.1. IPL) | M87: YÜKSEK | N87: Orhan KARABA | P87: Açık
A88: A-065 | B88: HAZOP 2026 | C88: POLİSANK | G88: 2 | H88: 19 | I88: 3. IPL - SIS | J88: FT-802 tag numaralı akış transmiteri hatası (Tanktan V-804 Tag Numaralı Buharlaştırıcıya Dolum) | K88: FT-802 tag numaralı akış transmiteri hatası sonucu V-804 tag numaralı metanol buharlaştırıcısına fazla hava beslemesi ile oksijen molar oranı değişmesi sebebiyle yangın ve patlama riski veya toksik yayılım ve kimyasal maruziyet riski | L88: V-804 tag numaralı metanol buharlaştırıcı üzerine kurulacak olan SIL sertifikalı oksijen analizörü ile V-804 tag numaralı metanol buharlaştırıcı içerisinde yüksek basınç olmasını algılaması sonucu alarm üzerine safety PLC üzerinden XXX tag numaralı ESD vanası kapatılarak oksijen girişi engellenecektir. Validasyon ve verifikasyon alınacaktır. | M88: KRİTİK | N88: Orhan KARABA | P88: Açık
A89: A-066 | B89: HAZOP 2026 | C89: POLİSANK | D89: Gümüş Tesisi | G89: 1 | H89: 21 | I89: 2.1 IPL - Temel Proses Kontrol Sistemi | J89: BV-016 tag numaralı manuel vananın mekaniksel olarak açık kalması hatası (Tankerden tanka dolum) | K89: BV-016 tag numaralı manuel vananın mekaniksel olarak açık kalması hatası ile T-303 tankında seviye yükselmesine bağlı taşma ile yangın ve patlama riski veya toksik yayılım ve kimyasal maruziyet riski | L89: T-303 tag numaralı tankın üzerinde mevcut olan LS-01 tag numaralı seviye sivicinden tank içerisinde seviyenin yüksek olduğunu algılaması sonucu FCV-07, FCV-08, FCV-10 proses kontrol vanaları PLC üzerinden otomatik olarak P-05 tag numaralı pompa driverdan durdurulacaktır. | M89: YÜKSEK | N89: Orhan KARABA | P89: Açık
A90: A-067 | B90: HAZOP 2026 | C90: POLİSANK | G90: 3 | H90: 1, 2, 3, 5 | I90: 3. IPL - SIS | J90: F-807 tag numaralı filtrenin tıkanması hatası (V-804 Buharlaştırıcıdan R-801 Reaktöre Dolum) | K90: F-807 tag numaralı filtrenin tıkanması hatası sonucu V-809 tag numaralı absorbsiyon kolonuna fazla %70 metanol ve %30 su beslenmesi sonucu atmosfere metanol gazının çıkışı olası kimyasal maruziyet | L90: V-804 tag numaralı metanol buharlaştırıcı üzerine kurulacak olan XXX tag numaralı basınç transmitteri üzerinden yüksek basınç algılaması sonucu alarm üzerine safety PLC üzerinden SIL sertifikalı ESD-03 ve ESD-802, ESD-803 tag numaralı proses kontrol vanaları kapatılacaktır. Validasyon ve verifikasyon alınacaktır. | M90: KRİTİK | N90: Orhan KARABA | P90: Açık
A91: A-068 | B91: HAZOP 2026 | C91: POLİSANK | G91: 3 | H91: 3, 5 | I91: 4. IPL - Fiziksel Bariyer | J91: F-807 tag numaralı filtrenin tıkanması hatası (V-804 Buharlaştırıcıdan R-801 Reaktöre Dolum) | K91: F-807 tag numaralı filtrenin tıkanması hatası sonucu V-809 tag numaralı absorbsiyon kolonuna fazla %70 metanol ve %30 su beslenmesi sonucu atmosfere metanol gazının çıkışı olası kimyasal maruziyet | L91: M-801 tag numaralı atık gaz karıştırıcısı ve kontrol vanasının kolları sökülerek körlenecektir. Atık gaz hattı körlü olup kullanım dışı olduğu beyan edilmiştir. | M91: ORTA | N91: Orhan KARABA | P91: Açık
A92: A-069 | B92: HAZOP 2026 | C92: POLİSANK | G92: 3 | H92: 10, 11, 12, 13, 15 | I92: 3. IPL - SIS | J92: GBV-853 tag numaralı manuel vananın mekaniksel olarak açık kalması hatası (V-804 Buharlaştırıcıdan R-801 Reaktöre Dolum) | K92: GBV-853 tag numaralı manuel vananın mekaniksel olarak açık kalması hatası sonucu E-804 tag numaralı eşanjörde su azalmasına bağlı R-801 tag numaralı reaktöründe sıcaklık artışıyla birlikte basınçlanma sonucu yangın ve patlama riski | L92: V-801 tag numaralı buhar dramı üzerinde bulunan PT-806 tag numaralı SIL2 sertifikalı basınç transmitteri buhar dramı içerisinde yüksek basınç olmasını algılaması sonucu alarm üzerinde safety PLC üzerinden tesise ait tüm SIL sertifikalı proses kontrol vanası kapatılarak tesisi shut downa götürmektedir. Ancak validasyon ve verifikasyon yapılacaktır. | M92: KRİTİK | N92: Orhan KARABA | P92: Açık
A93: A-070 | B93: HAZOP 2026 | C93: POLİSANK | G93: 3 | H93: 21 | I93: 4. IPL - Fiziksel Bariyer | J93: BV-8041 tag numaralı dreyn vananın açık kalması hatası (R-801 Reaktörden V-809 Absorbsiyonuna Dolum) BU DREYN VANA KÖRLENECEĞİNDEN ÇALIŞILMAMIŞTIR. | K93: BV-8041 tag numaralı dreyn vananın kapalı pozisyona getirilip EKED/LOTO ile kilitlenmeden operasyon başlatılmayacaktır. (4. IPL) BV-8041 tag numaralı dreyn vana körlenip kullanım dışı hale getirilecektir. (4. IPL) | L93: BV-8041 tag numaralı dreyn vananın kapalı pozisyona getirilip EKED/LOTO ile kilitlenmeden operasyon başlatılmayacaktır. | M93: ORTA | N93: Orhan KARABA | P93: Açık
A94: A-071 | B94: HAZOP 2026 | C94: POLİSANK | G94: 3 | H94: 21 | I94: 4. IPL - Fiziksel Bariyer | J94: BV-8041 tag numaralı dreyn vananın açık kalması hatası (R-801 Reaktörden V-809 Absorbsiyonuna Dolum) BU DREYN VANA KÖRLENECEĞİNDEN ÇALIŞILMAMIŞTIR. | K94: BV-8041 tag numaralı dreyn vananın kapalı pozisyona getirilip EKED/LOTO ile kilitlenmeden operasyon başlatılmayacaktır. (4. IPL) BV-8041 tag numaralı dreyn vana körlenip kullanım dışı hale getirilecektir. (4. IPL) | L94: BV-8041 tag numaralı dreyn vana körlenip kullanım dışı hale getirilecektir. | M94: ORTA | N94: Orhan KARABA | P94: Açık
A95: A-072 | B95: HAZOP 2026 | C95: POLİSANK | G95: 3 | H95: 14 | I95: 3. IPL - SIS | J95: E-802 tag numaralı eşanjörün ısı değiştirici hatası (V-804 Buharlaştırıcıdan R-801 Reaktöre Dolum) | K95: E-802 tag numaralı eşanjörün ısı değiştirici hatası nedeni ile R-801 tag numaralı reaktör içerisinde ısıl sürüklenme (thermal runaway) sıcaklığın ve basıncın yükselmesi sonucu yangın ve patlama riski | L95: R-801 tag numaralı reaktör üzerinde bulunan PT-824 tag numaralı SIL 2 sertifikalı basınç sivicinden algılayıp safety PLC üzerinden yüksek basınç alarmı üzerine ESD-03 ve ESD-802, ESD-803 tag numaralı proses kontrol vanaları kapatılacaktır. Validasyon ve verifikasyon alınacaktır. | M95: KRİTİK | N95: Orhan KARABA | P95: Açık
A96: A-073 | B96: HAZOP 2026 | C96: POLİSANK | D96: Gümüş Tesisi | G96: 1 | H96: 13 | I96: 4. IPL - Fiziksel Bariyer | J96: N2PRV-001 tag numaralı azot regülatörü hatası | K96: N2PRV-001 tag numaralı azot regülatörü hatası sonucu tankta azot basıncının artması hatası sonucu T-303 tag numaralı tankta bütünlük kaybı neticesinde sızıntı ile yangın ve patlama riski veya toksik yayılım ve kimyasal maruziyet riski | L96: PV-01 ve PV-02 tag numaralı emniyet ventili mevcuttur. PV tahliye hatları, tasarım tahliye koşulları esas alınarak gerçekleştirilecek gaz dispersiyon analizi ile uygunluğu doğrulanmış güvenli tahliye noktasına yönlendirilmeli veya atmosferik tahliyenin kabul edilebilir olmadığı durumlarda ise yeterli kapasitedeki scrubber sistemine bağlanmalıdır. Emniyet ventillerinin validasyon ve verifikasyonu yapılacaktır. | M96: ORTA | N96: Orhan KARABA | P96: Açık
A97: A-074 | B97: HAZOP 2026 | C97: POLİSANK | D97: Gümüş Tesisi | E97: TANKIN SICAKLIK SENSÖRÜ ÇALIŞILACAK | G97: 1 | H97: 32 | I97: 2.2 IPL - Operatör Eylemi | J97: TT-02 tag numaralı sıcaklık transmitteri hatası | K97: TT-02 tag numaralı sıcaklık transmitteri hatası ile T-303 tag numaralı metanol tankından yüksek sıcaklığa bağlı yangın ve patlama riski veya toksik yayılım ve kimyasal maruziyet riski | L97: T-3033 tag numaralı metanol tankı üzerinde bulunan PT-03 tag numaralı basınç transmitterinin PLC üzerinden alarm üretmesi sonucu operatör müdahalesi ile yanal duşlamalar açılacaktır. | M97: YÜKSEK | N97: Orhan KARABA | P97: Açık
A98: A-075 | B98: HAZOP 2026 | C98: POLİSANK | G98: 2 | H98: 2 | I98: 2.2 IPL - Operatör Eylemi | J98: LT-802 tag numaralı seviye transmiteri hatası (Tanktan V-804 tag Numaralı Buharlaştırıcıya Dolum) | K98: LT-802 tag numaralı seviye transmiteri hatası sonucu V-804 tag numaralı buharlaştırıcının seviyesinin düşük iken yüksek göstermesi hatası ve boş buharlaştırıcıda seviye düşük iken besleme yapılması sırasında statik elektriklenme oluşması ile yangın ve patlama riski | L98: Suyun otomatik çalışmaması durumunda V-804 buharlaştırıcı üzerinde bulunan LSL-802 tag numaralı seviye sivici PLC üzerinden düşük seviye algılaması üzerine su pompası operatör müdahalesi ile başlatılmaktadır. Start-up aşamasında LSL-802 tag numaralı seviye sivicinden alarm üzerine P-805 A ve B pompaları çalıştırılamayacak şekilde interlok ataması sağlanacaktır. | M98: YÜKSEK | N98: Orhan KARABA | P98: Açık
A99: A-076 | B99: HAZOP 2026 | C99: POLİSANK | G99: 2 | H99: 6, 7 | I99: 2.2 IPL - Operatör Eylemi | J99: P-03 tag numaralı pompa basarken BV-8008, BV-8009, BV-8011 veya BV-8012 tag numaralı manuel vananın mekaniksel olarak kapalı kalması hatası (Tanktan V-804 Tag Numaralı Buharlaştırıcıya Dolum) | K99: P-03 tag numaralı pompa basarken BV-8008, BV-8009, BV-8011 veya BV-8012 tag numaralı manuel vananın mekaniksel olarak kapalı kalması hatası sonucu DN25-MeOH-032-SS line numaralı hatta sızıntı ile çevreye yayılma sonucu çevresel kirlilik riski veya yangın ve patlama riski veya toksik yayılım ve kimyasal maruziyet riski | L99: DN25-MeOH-032-SS line numaralı hat üzerinde bulunan FT-02 tag numaralı akış transmitterinden fazla basıncı algılayarak DCS üzerinden sesli ve ışıklı alarm vererek operatör tarafından BV-010 ve BV-013 tag numaralı manuel vanaların açılması ile bulunduğu bypass hatları devreye alınacaktır. | M99: YÜKSEK | N99: Orhan KARABA | P99: Açık
A100: A-077 | B100: HAZOP 2026 | C100: POLİSANK | G100: 2 | H100: 6, 7, 8, 9 | I100: 4. IPL - Fiziksel Bariyer | J100: P-03 tag numaralı pompa basarken BV-8008, BV-8009, BV-8011 veya BV-8012 tag numaralı manuel vananın mekaniksel olarak kapalı kalması hatası (Tanktan V-804 Tag Numaralı Buharlaştırıcıya Dolum) | K100: P-03 tag numaralı pompa basarken BV-8008, BV-8009, BV-8011 veya BV-8012 tag numaralı manuel vananın mekaniksel olarak kapalı kalması hatası sonucu DN25-MeOH-032-SS line numaralı hatta sızıntı ile çevreye yayılma sonucu çevresel kirlilik riski veya yangın ve patlama riski veya toksik yayılım ve kimyasal maruziyet riski | L100: P-03 ve P-04 tag numaralı pompanın basma hattından T-303 tag numaralı metanol tankına doğru bypass boru hattı ile PSV-03 ve PSV-04 tag numaralı basınç emniyet ventili mevcuttur, basınçlanma olması durumunda basınç emniyet ventili açarak kimyasalın devri daim yapması sağlanır. Emniyet ventilleri birbirinin yedeği olacak şekildedir. Validasyon ve verifikasyonu yapılacaktır | M100: ORTA | N100: Orhan KARABA | P100: Açık
...

Sheet Dokuman_Yonetimi
A1: DOKÜMAN VE TEKNİK REFERANS YÖNETİMİ
A2: DOK_ID | B2: Doküman_Adı | C2: Tür | D2: İlgili_PRJ | E2: İlgili_Ekipman | F2: Revizyon | G2: Tarih | H2: Dosya_Yolu_veya_Linki | I2: Durum | J2: Hazırlayan | K2: Açıklama | L2: Son_Güncelleme
A3: DOK-001 | B3: Pilot Reaktör Odası Taşınma Maliyet Analizi | C3: Maliyet Analizi | D3: PRJ-2026-001 | F3: Rev.01 | G3: 21.09.2026 | H3: POL-MBO-PRT-2026-001_Rev01.xlsx | I3: Geçerli | J3: Mekanik Bakım Onarım | K3: AACE Class 4 maliyet tahmini; elektrik kapsamı eksik | L3: 09.10.2026
A4: DOK-002 | B4: Reçine Tesisi Reaktör Acil Durum Drain Sistemi Senaryo Karşılaştırması | C4: Yatırım Fizibilite | D4: PRJ-2026-002 | F4: Rev.02 | G4: Eylül 2026 | H4: POL-MBO-ADS-2026-002_Rev02.xlsx | I4: Geçerli | J4: Mekanik Bakım Onarım Yöneticiliği | K4: C1/C2 kalem kırılımı eklendi; 150 TL yuvarlama düzeltildi | L4: 09.10.2026
A5: DOK-003 | B5: Gümüş Tesisi HAZOP Aksiyon Listesi | C5: HAZOP Raporu | G5: 23.09.2026 | H5: HAZOP_Aksiyonlar_Excel_Aksiyon_Listesi_20260923_151212.xlsx | I5: Geçerli | K5: 619 aksiyon; Gümüş Tesisi kapsamı | L5: 09.10.2026
A6: DOK-004 | B6: Polisan Kimya Tank Verileri 2026 | C6: Envanter | E6: Tüm Tanklar | G6: 2026 | H6: Polisan_Kimya_Tank_Verileri_2026.xlsx | I6: Geçerli | K6: 139 tank; 7 sayfa; kontrol tarihleri ve durum bilgisi | L6: 09.10.2026
A7: DOK-005 | B7: Mekanik-Elektrik Maliyet Raporu (SAP) | C7: SAP Mali Rapor | G7: Ocak-Mart 2025 | H7: Final_-_Orhan_KARABA-_Mekanik_Elektrik.xlsx | I7: Geçerli | J7: Orhan KARABA | K7: 585 fatura kaydı; 13 maliyet merkezi; Ocak-Mart 2025 | L7: 09.10.2026

Sheet Veri_Kalitesi
A1: VERİ KALİTESİ KONTROL RAPORU
A2: VK_ID | B2: Kaynak_Dosya | C2: Sayfa | D2: Kayıt_Ref | E2: Sorun_Türü | F2: Açıklama | G2: Durum | H2: Öneri
A3: VK-001 | B3: Tank Verileri | C3: Tank Listesİ | D3: SN:3,4,5,6,7,8,9 | E3: Muayene Eksikliği | F3: 7 Formaldehit tankı "Uygun Değil" — sadece in-service raporu var, out-of-service raporu eksik | G3: Açık | H3: Akredite muayene firmasına taşeron yazı gönderilmeli
A4: VK-002 | B4: Tank Verileri | C4: Tank Listesİ | D4: SN:11 | E4: Tarih Eksik | F4: Fenol tankı (T-702) sonraki kontrol tarihi boş; durumu "Uygunsuz" | G4: Açık | H4: Muayene planı ivediyle oluşturulmalı
A5: VK-003 | B5: Tank Verileri | C5: Tank Listesİ | D5: SN:14 | E5: Muayene Yapılamadı | F5: Kondens tankı (T-704) muayenesi korozyon nedeniyle yapılamadı; kumlama boya gerekiyor | G5: Açık | H5: Kumlama-boya iş emri açılmalı; muayene yeniden takvimlendirilmeli
A6: VK-004 | B6: Tank Verileri | C6: Tank Listesİ | D6: SN:16 | E6: Kontrol Yok | F6: Su tankı (T-102) 2018'den bu yana kontrol yapılmamış | G6: Açık | H6: Acil muayene planlanmalı; teknik durum değerlendirmesi yapılmalı
A7: VK-005 | B7: Tank Verileri | C7: Yardımcı İşl. | D7: No:5,6,9-23 | E7: Tarih Eksik | F7: Yardımcı tankların çoğunda muayene tarihi ve rapor no yok | G7: Açık | H7: Yardımcı işletme mühendisleriyle veri tamamlama toplantısı
A8: VK-006 | B8: Maliyet Raporu | C8: Fatura Bazlı Detay | D8: Tüm kayıtlar | E8: Dönem Eksik | F8: Yalnızca Ocak-Mart 2025 mevcut; Nisan 2025 ve sonrası yok. Bütçe karşılaştırması yapılamıyor. | G8: Açık | H8: Tam yıl SAP verisi istenecek; bütçe planı ile eşleştirilecek
A9: VK-007 | B9: Maliyet Raporu | C9: Fatura Bazlı Detay | D9: Tüm kayıtlar | E9: Bütçe Karşılaştırması Yok | F9: Planlanan bütçe değerleri mevcut değil; yalnızca gerçekleşen giderler var | G9: Açık | H9: Yıllık bütçe tablosu ayrıca temin edilmeli
A10: VK-008 | B10: HAZOP Aksiyon | C10: AKSIYON_LISTESI | D10: Tüm aksiyonlar | E10: Sorumlu Eksik | F10: 619 HAZOP aksiyonunun hiçbirinde sorumlu kişi veya termin tarihi yok | G10: Açık | H10: Proje sahibi aksiyonları gözden geçirip sorumlu atamalı
A11: VK-009 | B11: Pilot Reaktör | C11: GİRDİLER | D11: Kalem 6 | E11: Varsayım | F11: Betopan demontaj birim fiyatı protokolde yok; çelik montaj/demontaj oranından türetildi (%50) | G11: Açık | H11: Sözleşme revizyonunda fiyat netleştirilmeli
A12: VK-010 | B12: ADS Sistemi | C12: 5-Riskler | D12: KRİTİK maddeler | E12: Teknik Veri Eksik | F12: UF reaktör dolu hacmi ve fenolik swell (ARC/VSP2) doğrulanmadan 50 m³ hacim kesinleşemiyor | G12: Açık | H12: Reaktör proses verileri temin edilmeli; kalorimetre testi yapılmalı
